id,split
scene_000,train
scene_001,train
scene_002,train
scene_003,train
scene_005,train
scene_006,train
scene_007,train
scene_008,train
scene_009,train
scene_010,train
scene_011,train
scene_012,train
scene_013,train
scene_014,train
scene_015,train
scene_016,train
scene_017,train
scene_018,train
scene_019,train
scene_020,train
scene_021,train
scene_022,train
scene_023,train
scene_024,train
scene_025,val
scene_026,train
scene_027,train
scene_028,train
scene_029,train
scene_030,train
scene_031,train
scene_032,train
scene_033,train
scene_034,val
scene_035,train
scene_036,train
scene_037,train
scene_038,train
scene_039,train
scene_040,train
scene_041,train
scene_042,train
scene_043,train
scene_044,train
scene_045,train
scene_046,train
scene_047,train
scene_048,train
scene_049,train
scene_050,train
scene_051,train
scene_052,train
scene_053,train
scene_054,val
scene_055,train
scene_056,train
scene_057,train
scene_058,train
scene_059,train
scene_060,train
scene_062,val
scene_063,train
scene_064,train
scene_065,train
scene_066,train
scene_067,train
scene_068,train
scene_069,train
scene_070,train
scene_071,train
scene_072,train
scene_073,val
scene_074,train
scene_075,train
scene_076,train
scene_077,train
scene_078,val
scene_079,train
scene_080,train
scene_081,train
scene_082,train
scene_083,train
scene_084,train
scene_085,train
scene_086,train
scene_087,train
scene_088,val
scene_089,train
scene_090,train
scene_091,train
scene_092,train
scene_093,train
scene_094,train
scene_095,train
scene_096,train
scene_097,train
scene_098,val
scene_099,train
scene_100,val
scene_1000,train
scene_1001,train
scene_1002,train
scene_1003,train
scene_1004,train
scene_1005,train
scene_1006,train
scene_1007,train
scene_1008,train
scene_1009,train
scene_101,val
scene_1010,train
scene_1011,train
scene_1012,train
scene_1013,train
scene_1014,val
scene_1015,train
scene_1016,train
scene_1017,train
scene_1019,train
scene_102,train
scene_1020,train
scene_1021,train
scene_1022,train
scene_1023,train
scene_1024,train
scene_1025,train
scene_1026,train
scene_1027,val
scene_1028,train
scene_103,train
scene_1030,train
scene_1032,train
scene_1033,train
scene_1034,val
scene_1035,train
scene_1036,train
scene_1037,train
scene_1038,train
scene_1039,train
scene_104,train
scene_1040,train
scene_1041,train
scene_1042,train
scene_1043,train
scene_1044,train
scene_1045,train
scene_1046,train
scene_1047,train
scene_1048,train
scene_1049,train
scene_105,val
scene_1050,train
scene_1051,train
scene_1052,train
scene_1053,train
scene_1054,train
scene_1055,train
scene_1056,train
scene_1057,train
scene_1058,train
scene_1059,train
scene_106,train
scene_1061,train
scene_1062,val
scene_1063,train
scene_1064,train
scene_1066,train
scene_1067,train
scene_1068,train
scene_1069,train
scene_107,val
scene_1070,train
scene_1071,train
scene_1072,train
scene_1073,train
scene_1074,train
scene_1075,train
scene_1076,train
scene_1077,train
scene_1078,train
scene_1079,train
scene_108,train
scene_1080,val
scene_1081,train
scene_1082,train
scene_1083,train
scene_1084,train
scene_1085,train
scene_1086,train
scene_1087,train
scene_1088,train
scene_1089,train
scene_109,train
scene_1090,val
scene_1091,train
scene_1092,train
scene_1093,train
scene_1094,train
scene_1095,val
scene_1096,train
scene_1097,val
scene_1098,val
scene_1099,train
scene_110,train
scene_1100,train
scene_1101,train
scene_1102,train
scene_1103,train
scene_1104,train
scene_1105,val
scene_1106,train
scene_1107,train
scene_1108,train
scene_1109,train
scene_111,val
scene_1110,val
scene_1111,train
scene_1112,train
scene_1113,train
scene_1114,train
scene_1116,val
scene_1117,train
scene_1118,train
scene_1119,train
scene_112,train
scene_1120,train
scene_1121,train
scene_1122,train
scene_1123,train
scene_1124,val
scene_1125,train
scene_1126,train
scene_1127,train
scene_1128,train
scene_1129,train
scene_113,train
scene_1130,train
scene_1131,train
scene_1132,train
scene_1133,train
scene_1134,train
scene_1135,train
scene_1136,train
scene_1137,val
scene_1138,train
scene_1139,train
scene_114,train
scene_1140,train
scene_1141,train
scene_1142,train
scene_1143,train
scene_1144,train
scene_1145,train
scene_1146,train
scene_1147,val
scene_1148,val
scene_1149,train
scene_115,train
scene_1150,train
scene_1151,val
scene_1152,train
scene_1153,train
scene_1154,train
scene_1155,train
scene_1156,train
scene_1157,train
scene_1158,train
scene_1159,val
scene_116,train
scene_1160,train
scene_1161,train
scene_1162,train
scene_1163,train
scene_1164,val
scene_1165,train
scene_1166,train
scene_1167,train
scene_1168,train
scene_1169,train
scene_117,train
scene_1170,train
scene_1171,train
scene_1172,train
scene_1173,train
scene_1174,train
scene_1175,val
scene_1176,train
scene_1177,train
scene_1178,train
scene_1179,train
scene_118,train
scene_1180,train
scene_1181,train
scene_1182,train
scene_1183,train
scene_1184,train
scene_1185,train
scene_1186,train
scene_1187,train
scene_1188,train
scene_1189,val
scene_119,train
scene_1191,train
scene_1192,train
scene_1193,train
scene_1194,train
scene_1195,train
scene_1196,train
scene_1197,train
scene_1198,train
scene_1199,train
scene_120,train
scene_1200,train
scene_1201,train
scene_1202,train
scene_1203,train
scene_1204,train
scene_1205,train
scene_1206,train
scene_1207,val
scene_1209,train
scene_121,val
scene_1210,train
scene_1211,train
scene_1212,train
scene_1213,train
scene_1215,train
scene_1216,val
scene_1217,train
scene_1218,train
scene_1219,train
scene_122,train
scene_1220,train
scene_1221,train
scene_1222,train
scene_1223,train
scene_1224,train
scene_1225,train
scene_1226,train
scene_1227,train
scene_1228,train
scene_1229,train
scene_123,train
scene_1230,train
scene_1231,train
scene_1232,train
scene_1233,val
scene_1234,train
scene_1235,train
scene_1236,train
scene_1237,val
scene_1238,train
scene_1239,val
scene_124,train
scene_1240,val
scene_1241,train
scene_1242,val
scene_1243,train
scene_1245,train
scene_1246,train
scene_1247,train
scene_1248,train
scene_1249,train
scene_125,train
scene_1250,train
scene_1251,train
scene_1252,train
scene_1253,train
scene_1254,train
scene_1255,val
scene_1256,train
scene_1258,train
scene_1259,train
scene_126,train
scene_1260,train
scene_1261,train
scene_1262,train
scene_1263,train
scene_1264,train
scene_1265,train
scene_1266,train
scene_1267,train
scene_1268,train
scene_1269,train
scene_127,train
scene_1270,train
scene_1271,train
scene_1272,train
scene_1273,val
scene_1274,train
scene_1275,val
scene_1276,train
scene_1277,train
scene_1278,train
scene_1279,train
scene_128,train
scene_1280,train
scene_1281,train
scene_1282,train
scene_1283,train
scene_1284,train
scene_1285,train
scene_1286,train
scene_1287,val
scene_1288,train
scene_1289,train
scene_129,train
scene_1290,train
scene_1291,train
scene_1292,train
scene_1293,train
scene_1294,train
scene_1295,train
scene_1296,train
scene_1297,train
scene_1298,train
scene_1299,train
scene_130,train
scene_1300,train
scene_1301,train
scene_1302,train
scene_1303,train
scene_1304,train
scene_1305,train
scene_1306,train
scene_1307,train
scene_1308,train
scene_1309,train
scene_131,train
scene_1310,train
scene_1311,train
scene_1312,train
scene_1313,train
scene_1314,val
scene_1316,train
scene_1317,train
scene_1318,train
scene_1319,train
scene_132,train
scene_1320,train
scene_1321,train
scene_1322,val
scene_1323,train
scene_1324,val
scene_1325,train
scene_1326,train
scene_1327,train
scene_1328,train
scene_1329,train
scene_133,train
scene_1330,train
scene_1331,train
scene_1332,train
scene_1334,train
scene_1335,train
scene_1336,train
scene_1337,train
scene_1338,train
scene_1339,train
scene_134,train
scene_1340,train
scene_1341,train
scene_1342,train
scene_1343,train
scene_1344,train
scene_1345,train
scene_1346,train
scene_1347,train
scene_1348,train
scene_1349,train
scene_135,train
scene_1350,train
scene_1351,train
scene_1352,train
scene_1353,train
scene_1354,val
scene_1355,train
scene_1356,train
scene_1357,train
scene_1358,train
scene_1359,train
scene_1360,train
scene_1361,train
scene_1362,train
scene_1363,train
scene_1364,val
scene_1365,train
scene_1366,train
scene_1367,train
scene_1368,train
scene_1369,train
scene_137,train
scene_1370,train
scene_1372,train
scene_1373,train
scene_1374,train
scene_1375,train
scene_1376,train
scene_1377,train
scene_1378,train
scene_1379,train
scene_138,train
scene_1380,train
scene_1381,train
scene_1382,train
scene_1383,train
scene_1385,train
scene_1386,train
scene_1387,train
scene_1388,train
scene_1389,train
scene_139,train
scene_1390,train
scene_1391,train
scene_1392,train
scene_1393,train
scene_1394,train
scene_1395,train
scene_1396,train
scene_1397,train
scene_1398,val
scene_1399,train
scene_140,train
scene_1400,train
scene_1401,train
scene_1402,train
scene_1403,val
scene_1404,train
scene_1405,train
scene_1406,train
scene_1407,train
scene_1408,train
scene_1409,train
scene_141,train
scene_1410,train
scene_1411,train
scene_1412,train
scene_1413,train
scene_1414,train
scene_1415,train
scene_1416,train
scene_1417,val
scene_1418,train
scene_1419,train
scene_142,train
scene_1420,train
scene_1421,val
scene_1422,train
scene_1423,train
scene_1425,train
scene_1426,train
scene_1427,train
scene_1428,train
scene_1429,train
scene_143,train
scene_1430,train
scene_1431,train
scene_1432,val
scene_1433,train
scene_1434,train
scene_1435,train
scene_1436,train
scene_1437,train
scene_1438,train
scene_1439,train
scene_144,train
scene_1440,train
scene_1441,val
scene_1442,train
scene_1443,train
scene_1444,train
scene_1445,train
scene_1446,train
scene_1447,val
scene_1448,train
scene_1449,train
scene_145,train
scene_1450,train
scene_1451,train
scene_1452,train
scene_1453,train
scene_1454,train
scene_1455,train
scene_1456,train
scene_1457,train
scene_1458,train
scene_1459,train
scene_146,train
scene_1460,train
scene_1461,train
scene_1462,train
scene_1463,train
scene_1464,train
scene_1465,train
scene_1466,train
scene_1467,train
scene_1468,train
scene_1469,train
scene_147,train
scene_1470,val
scene_1471,train
scene_1472,train
scene_1473,train
scene_1474,train
scene_1475,train
scene_1476,train
scene_1477,train
scene_1478,train
scene_1479,train
scene_148,train
scene_1480,train
scene_1481,train
scene_1482,train
scene_1483,train
scene_1484,train
scene_1485,train
scene_1486,train
scene_1487,train
scene_1488,train
scene_1489,train
scene_149,train
scene_1490,train
scene_1491,train
scene_1492,train
scene_1493,train
scene_1494,train
scene_1496,train
scene_1497,train
scene_1498,train
scene_1499,train
scene_150,val
scene_1500,train
scene_1501,train
scene_1502,train
scene_1505,train
scene_1506,train
scene_1507,train
scene_1508,train
scene_1509,train
scene_151,train
scene_1510,val
scene_1511,train
scene_1512,train
scene_1513,train
scene_1514,train
scene_1516,train
scene_1517,train
scene_1518,train
scene_1519,train
scene_152,train
scene_1522,train
scene_1523,train
scene_1524,val
scene_1525,train
scene_1526,train
scene_1527,train
scene_1528,train
scene_1529,train
scene_153,train
scene_1530,train
scene_1531,train
scene_1532,train
scene_1533,val
scene_1534,train
scene_1535,train
scene_1536,train
scene_1537,train
scene_1538,train
scene_1539,train
scene_154,train
scene_1540,train
scene_1541,train
scene_1542,val
scene_1543,train
scene_1544,train
scene_1545,train
scene_1546,train
scene_1547,val
scene_1548,train
scene_1549,train
scene_155,train
scene_1550,train
scene_1551,train
scene_1552,train
scene_1553,train
scene_1554,train
scene_1555,train
scene_1556,train
scene_1557,train
scene_1558,train
scene_1559,train
scene_156,train
scene_1560,train
scene_1561,val
scene_1562,train
scene_1563,train
scene_1564,train
scene_1565,val
scene_1566,train
scene_1567,train
scene_1568,train
scene_1569,val
scene_157,train
scene_1570,train
scene_1571,train
scene_1572,train
scene_1573,train
scene_1574,train
scene_1575,train
scene_1576,train
scene_1577,train
scene_1578,train
scene_1579,val
scene_158,train
scene_1580,train
scene_1581,train
scene_1582,train
scene_1583,train
scene_1584,train
scene_1585,train
scene_1586,train
scene_1587,val
scene_1588,train
scene_1589,train
scene_159,val
scene_1590,val
scene_1591,train
scene_1592,train
scene_1593,train
scene_1594,train
scene_1595,train
scene_1596,train
scene_1597,val
scene_1598,train
scene_1599,train
scene_160,train
scene_1600,train
scene_1601,train
scene_1602,train
scene_1603,train
scene_1604,train
scene_1605,train
scene_1606,train
scene_1607,train
scene_1608,train
scene_1609,val
scene_161,train
scene_1610,train
scene_1611,train
scene_1612,train
scene_1613,train
scene_1614,val
scene_1615,train
scene_1616,train
scene_1617,val
scene_1619,train
scene_162,train
scene_1620,train
scene_1621,train
scene_1622,train
scene_1623,train
scene_1624,train
scene_1625,train
scene_1626,train
scene_1627,train
scene_1628,val
scene_1629,train
scene_163,train
scene_1630,train
scene_1631,val
scene_1632,train
scene_1633,train
scene_1634,train
scene_1635,train
scene_1636,train
scene_1637,train
scene_1638,val
scene_1639,val
scene_164,train
scene_1640,train
scene_1641,train
scene_1642,train
scene_1643,train
scene_1644,train
scene_1645,train
scene_1646,train
scene_1647,val
scene_1648,train
scene_1649,train
scene_165,train
scene_1650,val
scene_1651,train
scene_1652,train
scene_1653,train
scene_1654,train
scene_1655,train
scene_1656,train
scene_1657,val
scene_1658,train
scene_1659,train
scene_166,train
scene_1660,train
scene_1661,train
scene_1662,val
scene_1663,train
scene_1664,train
scene_1665,train
scene_1666,train
scene_1667,train
scene_1668,train
scene_1669,train
scene_167,train
scene_1670,train
scene_1671,train
scene_1672,train
scene_1673,train
scene_1674,train
scene_1675,train
scene_1676,train
scene_1677,train
scene_1678,train
scene_1679,train
scene_168,train
scene_1680,train
scene_1681,val
scene_1682,train
scene_1685,train
scene_1686,train
scene_1687,train
scene_1688,train
scene_1689,train
scene_169,train
scene_1690,train
scene_1691,train
scene_1692,train
scene_1693,train
scene_1694,train
scene_1695,train
scene_1697,train
scene_1698,val
scene_1699,train
scene_170,train
scene_1700,train
scene_1701,train
scene_1702,train
scene_1703,train
scene_1704,train
scene_1705,train
scene_1707,train
scene_1709,train
scene_171,train
scene_1710,train
scene_1711,train
scene_1712,train
scene_1713,val
scene_1714,val
scene_1715,train
scene_1716,train
scene_1717,train
scene_1718,train
scene_1719,train
scene_172,train
scene_1720,train
scene_1721,val
scene_1722,train
scene_1723,train
scene_1724,train
scene_1725,train
scene_1726,train
scene_1727,train
scene_1728,train
scene_1729,train
scene_173,train
scene_1730,train
scene_1731,train
scene_1732,train
scene_1733,train
scene_1734,val
scene_1735,train
scene_1736,train
scene_1737,train
scene_1738,train
scene_1739,train
scene_174,train
scene_1740,val
scene_1741,train
scene_1742,train
scene_1743,train
scene_1744,train
scene_1745,train
scene_1746,train
scene_1747,train
scene_1748,train
scene_1749,train
scene_175,train
scene_1750,train
scene_1751,train
scene_1752,train
scene_1753,train
scene_1754,train
scene_1755,val
scene_1756,train
scene_1757,val
scene_1758,train
scene_1759,train
scene_176,train
scene_1760,train
scene_1761,train
scene_1762,train
scene_1763,train
scene_1764,train
scene_1765,val
scene_1766,train
scene_1767,train
scene_1768,train
scene_1769,train
scene_177,train
scene_1770,train
scene_1771,train
scene_1772,train
scene_1773,train
scene_1774,train
scene_1775,train
scene_1776,val
scene_1777,train
scene_1778,train
scene_1779,train
scene_178,train
scene_1780,train
scene_1781,train
scene_1782,train
scene_1783,train
scene_1784,train
scene_1785,train
scene_1786,train
scene_1787,val
scene_1788,train
scene_1789,val
scene_1790,train
scene_1791,train
scene_1792,train
scene_1793,train
scene_1794,train
scene_1795,train
scene_1796,train
scene_1797,train
scene_1798,val
scene_1799,train
scene_180,val
scene_1800,train
scene_1801,train
scene_1802,val
scene_1803,val
scene_1804,train
scene_1805,train
scene_1806,train
scene_1807,train
scene_1808,train
scene_1809,train
scene_181,train
scene_1810,train
scene_1811,train
scene_1812,train
scene_1813,val
scene_1814,train
scene_1815,train
scene_1816,train
scene_1817,train
scene_1818,train
scene_1819,val
scene_182,train
scene_1820,train
scene_1821,train
scene_1822,val
scene_1823,train
scene_1824,train
scene_1825,train
scene_1826,val
scene_1828,train
scene_1829,train
scene_183,train
scene_1830,train
scene_1831,train
scene_1832,train
scene_1833,train
scene_1834,train
scene_1835,val
scene_1836,train
scene_1837,train
scene_1838,train
scene_1839,train
scene_184,train
scene_1840,train
scene_1841,train
scene_1842,val
scene_1843,train
scene_1844,train
scene_1845,train
scene_1846,val
scene_1847,train
scene_1848,train
scene_1849,train
scene_185,train
scene_1850,val
scene_1851,train
scene_1853,train
scene_1854,train
scene_1855,train
scene_1856,train
scene_1857,train
scene_1858,train
scene_1859,train
scene_186,train
scene_1860,train
scene_1861,train
scene_1862,train
scene_1863,train
scene_1864,train
scene_1865,train
scene_1866,train
scene_1867,train
scene_1868,train
scene_1869,train
scene_187,train
scene_1870,train
scene_1871,val
scene_1872,train
scene_1873,train
scene_1874,train
scene_1875,train
scene_1876,train
scene_1877,train
scene_1878,train
scene_1879,train
scene_188,train
scene_1880,train
scene_1881,train
scene_1883,train
scene_1884,train
scene_1886,train
scene_1887,train
scene_1888,train
scene_1889,train
scene_189,train
scene_1890,train
scene_1891,train
scene_1892,train
scene_1893,train
scene_1894,val
scene_1895,train
scene_1896,train
scene_1897,train
scene_1898,train
scene_1899,train
scene_190,val
scene_1900,train
scene_1901,train
scene_1902,train
scene_1903,train
scene_1904,train
scene_1905,val
scene_1906,train
scene_1907,train
scene_1909,train
scene_191,train
scene_1910,train
scene_1911,train
scene_1912,train
scene_1913,train
scene_1914,val
scene_1915,train
scene_1916,train
scene_1917,train
scene_1918,train
scene_1919,train
scene_192,train
scene_1920,train
scene_1921,train
scene_1922,train
scene_1923,train
scene_1924,train
scene_1926,train
scene_1927,train
scene_1928,train
scene_1929,train
scene_193,train
scene_1930,train
scene_1931,train
scene_1932,train
scene_1933,train
scene_1934,val
scene_1935,train
scene_1936,train
scene_1937,train
scene_1938,train
scene_1939,train
scene_194,train
scene_1940,train
scene_1941,train
scene_1942,train
scene_1943,train
scene_1944,train
scene_1945,train
scene_1946,train
scene_1947,train
scene_1948,train
scene_1949,train
scene_195,val
scene_1950,train
scene_1951,train
scene_1952,train
scene_1953,train
scene_1954,train
scene_1955,train
scene_1956,train
scene_1957,train
scene_1958,train
scene_1959,train
scene_196,train
scene_1960,train
scene_1961,train
scene_1962,val
scene_1963,train
scene_1964,train
scene_1965,train
scene_1966,train
scene_1967,val
scene_1968,train
scene_1969,train
scene_197,train
scene_1970,train
scene_1971,train
scene_1972,train
scene_1973,train
scene_1974,train
scene_1975,train
scene_1976,train
scene_1977,train
scene_1978,train
scene_1979,train
scene_198,train
scene_1980,train
scene_1981,train
scene_1982,train
scene_1983,train
scene_1984,train
scene_1985,train
scene_1986,train
scene_1987,train
scene_1988,train
scene_1989,train
scene_199,train
scene_1990,train
scene_1991,train
scene_1992,train
scene_1993,train
scene_1994,train
scene_1995,train
scene_1996,train
scene_1997,train
scene_1998,train
scene_1999,train
scene_200,train
scene_2000,train
scene_2001,train
scene_2002,train
scene_2003,train
scene_2004,train
scene_2005,train
scene_2006,train
scene_2007,train
scene_2008,train
scene_2009,train
scene_201,train
scene_2010,train
scene_2011,train
scene_2012,train
scene_2013,train
scene_2014,train
scene_2016,train
scene_2017,train
scene_2018,train
scene_2019,train
scene_202,train
scene_2020,train
scene_2022,train
scene_2023,val
scene_2024,train
scene_2025,train
scene_2026,train
scene_2027,train
scene_2028,train
scene_2029,train
scene_203,train
scene_2030,train
scene_2031,train
scene_2032,train
scene_2033,train
scene_2034,val
scene_2035,train
scene_2036,train
scene_2037,train
scene_2038,train
scene_2039,train
scene_204,train
scene_2040,train
scene_2041,train
scene_2042,train
scene_2043,train
scene_2044,train
scene_2045,train
scene_2046,train
scene_2047,val
scene_2048,train
scene_2049,train
scene_205,train
scene_2050,train
scene_2051,train
scene_2052,train
scene_2053,train
scene_2054,train
scene_2055,train
scene_2056,train
scene_2058,train
scene_2059,train
scene_206,train
scene_2060,train
scene_2061,train
scene_2062,train
scene_2063,val
scene_2064,train
scene_2065,train
scene_2066,train
scene_2067,train
scene_2068,train
scene_2069,train
scene_207,train
scene_2070,train
scene_2071,train
scene_2073,train
scene_2074,train
scene_2075,train
scene_2076,train
scene_2077,train
scene_2078,train
scene_2079,train
scene_208,train
scene_2080,train
scene_2081,train
scene_2082,train
scene_2084,train
scene_2085,train
scene_2086,train
scene_2087,train
scene_2088,train
scene_2089,train
scene_209,train
scene_2090,train
scene_2091,train
scene_2092,train
scene_2093,train
scene_2094,train
scene_2095,train
scene_2096,train
scene_2097,train
scene_2098,train
scene_2099,train
scene_210,train
scene_2100,train
scene_2101,train
scene_2102,train
scene_2103,train
scene_2104,train
scene_2105,train
scene_2106,train
scene_2107,train
scene_2108,train
scene_2109,train
scene_211,train
scene_2110,train
scene_2111,train
scene_2112,train
scene_2113,train
scene_2114,train
scene_2115,train
scene_2116,train
scene_2117,val
scene_2118,train
scene_2119,train
scene_212,train
scene_2120,train
scene_2121,train
scene_2122,val
scene_2123,train
scene_2124,train
scene_2125,train
scene_2126,val
scene_2127,train
scene_2128,train
scene_2129,train
scene_213,train
scene_2130,train
scene_2131,train
scene_2132,train
scene_2133,train
scene_2134,train
scene_2135,train
scene_2137,train
scene_2138,train
scene_2139,train
scene_214,train
scene_2140,train
scene_2141,val
scene_2142,train
scene_2143,train
scene_2144,train
scene_2145,train
scene_2146,train
scene_2147,train
scene_2148,train
scene_2149,train
scene_215,train
scene_2150,train
scene_2152,train
scene_2153,train
scene_2154,train
scene_2155,train
scene_2156,train
scene_2157,train
scene_2158,train
scene_2159,train
scene_216,train
scene_2160,train
scene_2161,train
scene_2162,train
scene_2163,train
scene_2164,train
scene_2165,train
scene_2166,train
scene_2167,train
scene_2168,train
scene_2169,train
scene_217,train
scene_2170,train
scene_2171,train
scene_2172,train
scene_2173,val
scene_2174,val
scene_2175,train
scene_2176,train
scene_2177,train
scene_2178,train
scene_2179,val
scene_218,train
scene_2180,train
scene_2181,train
scene_2182,train
scene_2183,train
scene_2184,train
scene_2185,train
scene_2186,train
scene_2187,train
scene_2188,train
scene_2189,train
scene_219,train
scene_2190,train
scene_2191,val
scene_2192,train
scene_2193,train
scene_2194,val
scene_2195,train
scene_2196,train
scene_2197,train
scene_2198,train
scene_2199,train
scene_220,train
scene_2200,train
scene_2201,val
scene_2202,train
scene_2203,train
scene_2204,val
scene_2205,train
scene_2206,train
scene_2207,train
scene_2208,train
scene_2209,train
scene_221,train
scene_2210,train
scene_2211,train
scene_2212,train
scene_2213,train
scene_2214,train
scene_2215,train
scene_2216,train
scene_2217,train
scene_2218,train
scene_2219,train
scene_222,train
scene_2220,train
scene_2221,train
scene_2222,train
scene_2223,train
scene_2225,train
scene_2226,train
scene_2227,train
scene_2228,train
scene_2229,val
scene_2230,train
scene_2231,train
scene_2232,train
scene_2233,train
scene_2235,train
scene_2236,train
scene_2237,train
scene_2239,train
scene_224,train
scene_2240,train
scene_2241,train
scene_2242,val
scene_2243,train
scene_2244,train
scene_2245,train
scene_2246,val
scene_2247,train
scene_2248,train
scene_2249,train
scene_225,train
scene_2250,val
scene_2251,train
scene_2252,train
scene_2253,train
scene_2254,train
scene_2255,train
scene_2256,train
scene_2257,train
scene_2258,train
scene_2259,train
scene_226,train
scene_2260,train
scene_2261,train
scene_2262,train
scene_2263,train
scene_2264,train
scene_2265,train
scene_2266,train
scene_2267,train
scene_2268,train
scene_2269,train
scene_227,train
scene_2270,train
scene_2272,train
scene_2273,train
scene_2274,train
scene_2275,val
scene_2276,train
scene_2277,val
scene_2278,train
scene_2279,train
scene_228,train
scene_2280,train
scene_2281,train
scene_2282,train
scene_2283,train
scene_2284,train
scene_2285,train
scene_2286,train
scene_2287,train
scene_2288,train
scene_2289,train
scene_229,train
scene_2290,val
scene_2291,train
scene_2292,train
scene_2293,val
scene_2294,train
scene_2295,train
scene_2296,train
scene_2297,train
scene_2298,train
scene_2299,train
scene_230,train
scene_2300,train
scene_2301,train
scene_2302,train
scene_2303,train
scene_2304,train
scene_2305,train
scene_2306,train
scene_2307,train
scene_2308,train
scene_2309,train
scene_231,train
scene_2310,val
scene_2311,train
scene_2312,val
scene_2313,val
scene_2314,train
scene_2315,train
scene_2316,train
scene_2317,train
scene_2318,train
scene_2319,val
scene_232,train
scene_2320,train
scene_2321,train
scene_2322,train
scene_2323,train
scene_2324,train
scene_2325,train
scene_2326,train
scene_2327,train
scene_2328,train
scene_2329,train
scene_233,val
scene_2330,train
scene_2331,train
scene_2332,train
scene_2333,train
scene_2334,train
scene_2336,train
scene_2337,train
scene_2338,train
scene_2339,train
scene_234,train
scene_2340,train
scene_2341,train
scene_2342,train
scene_2343,train
scene_2344,train
scene_2345,val
scene_2346,train
scene_2347,val
scene_2348,train
scene_2349,train
scene_235,train
scene_2350,train
scene_2351,train
scene_2352,train
scene_2353,train
scene_2354,train
scene_2355,train
scene_2356,train
scene_2357,train
scene_2358,train
scene_2359,train
scene_236,train
scene_2360,train
scene_2361,train
scene_2362,val
scene_2363,train
scene_2364,train
scene_2365,train
scene_2366,train
scene_2367,train
scene_2368,train
scene_2369,train
scene_237,train
scene_2371,train
scene_2372,train
scene_2373,train
scene_2374,train
scene_2375,train
scene_2376,train
scene_2377,train
scene_2378,val
scene_2379,train
scene_238,train
scene_2380,train
scene_2381,train
scene_2382,train
scene_2383,val
scene_2384,train
scene_2385,train
scene_2386,train
scene_2387,train
scene_2388,train
scene_2389,train
scene_239,train
scene_2390,train
scene_2391,val
scene_2392,train
scene_2393,val
scene_2394,train
scene_2395,train
scene_2396,train
scene_2397,train
scene_2398,train
scene_2399,train
scene_240,train
scene_2400,val
scene_2401,train
scene_2402,train
scene_2403,train
scene_2404,train
scene_2405,train
scene_2406,train
scene_2407,train
scene_2408,train
scene_2409,train
scene_241,train
scene_2411,val
scene_2412,train
scene_2414,train
scene_2415,train
scene_2416,train
scene_2417,train
scene_2418,train
scene_2419,train
scene_242,train
scene_2420,train
scene_2421,train
scene_2422,train
scene_2423,train
scene_2424,train
scene_2425,train
scene_2426,train
scene_2427,train
scene_2428,train
scene_2429,train
scene_243,val
scene_2430,train
scene_2431,train
scene_2432,train
scene_2433,train
scene_2434,train
scene_2435,train
scene_2436,train
scene_2437,train
scene_2438,train
scene_2439,train
scene_244,train
scene_2440,train
scene_2441,train
scene_2442,train
scene_2443,val
scene_2444,train
scene_2445,train
scene_2446,train
scene_2447,train
scene_2448,train
scene_2449,train
scene_245,train
scene_2450,train
scene_2452,train
scene_2453,train
scene_2454,train
scene_2455,train
scene_2456,train
scene_2457,train
scene_2458,train
scene_2459,train
scene_246,train
scene_2460,train
scene_2462,train
scene_2463,train
scene_2464,train
scene_2465,train
scene_2466,train
scene_2467,val
scene_2468,train
scene_2469,val
scene_247,train
scene_2470,train
scene_2471,train
scene_2472,train
scene_2473,train
scene_2474,train
scene_2475,train
scene_2476,train
scene_2477,train
scene_2478,train
scene_2479,train
scene_248,train
scene_2480,train
scene_2481,train
scene_2482,train
scene_2483,train
scene_2484,train
scene_2485,train
scene_2486,train
scene_2487,train
scene_2488,train
scene_2489,train
scene_249,val
scene_2490,train
scene_2491,train
scene_2492,val
scene_2493,train
scene_2494,train
scene_2495,train
scene_2496,val
scene_2497,train
scene_2498,train
scene_2499,train
scene_250,train
scene_2500,train
scene_2501,train
scene_2502,train
scene_2503,train
scene_2504,train
scene_2505,train
scene_2506,train
scene_2507,train
scene_2508,train
scene_251,train
scene_2510,val
scene_2511,train
scene_2512,train
scene_2513,train
scene_2514,train
scene_2515,train
scene_2516,train
scene_2517,train
scene_2518,train
scene_252,train
scene_2520,train
scene_2521,val
scene_2522,train
scene_2523,train
scene_2524,train
scene_2525,train
scene_2526,train
scene_2527,train
scene_2528,val
scene_2529,train
scene_253,train
scene_2530,train
scene_2531,train
scene_2532,train
scene_2533,train
scene_2534,train
scene_2535,train
scene_2536,train
scene_2537,train
scene_2538,train
scene_2539,train
scene_254,val
scene_2540,train
scene_2541,train
scene_2542,train
scene_2543,train
scene_2544,train
scene_2545,train
scene_2546,train
scene_2547,val
scene_2548,train
scene_2549,train
scene_255,train
scene_2550,train
scene_2551,train
scene_2552,train
scene_2553,train
scene_2554,train
scene_2555,train
scene_2556,train
scene_2557,val
scene_2558,train
scene_2559,train
scene_256,train
scene_2560,train
scene_2561,train
scene_2562,train
scene_2563,train
scene_2564,train
scene_2565,train
scene_2566,train
scene_2567,train
scene_2568,val
scene_2569,train
scene_257,train
scene_2570,train
scene_2571,train
scene_2572,train
scene_2573,train
scene_2574,val
scene_2575,train
scene_2576,train
scene_2577,train
scene_2578,train
scene_2579,train
scene_258,val
scene_2580,train
scene_2581,val
scene_2582,train
scene_2583,train
scene_2584,train
scene_2585,train
scene_2586,train
scene_2587,train
scene_2588,train
scene_2589,train
scene_259,train
scene_2590,train
scene_2591,val
scene_2592,train
scene_2593,train
scene_2594,train
scene_2595,train
scene_2596,train
scene_2597,train
scene_2598,train
scene_2599,train
scene_260,train
scene_2600,train
scene_2601,train
scene_2602,train
scene_2603,train
scene_2604,train
scene_2606,train
scene_2607,val
scene_2608,train
scene_2609,val
scene_261,train
scene_2610,train
scene_2611,train
scene_2612,val
scene_2613,train
scene_2614,train
scene_2615,val
scene_2616,train
scene_2617,train
scene_2618,train
scene_2619,train
scene_262,val
scene_2620,val
scene_2621,train
scene_2622,train
scene_2623,train
scene_2624,val
scene_2625,val
scene_2626,train
scene_2627,train
scene_2628,val
scene_2629,val
scene_263,val
scene_2630,train
scene_2631,train
scene_2632,train
scene_2633,train
scene_2634,val
scene_2635,train
scene_2636,val
scene_2637,train
scene_2638,train
scene_2639,val
scene_264,train
scene_2640,train
scene_2641,train
scene_2642,train
scene_2643,train
scene_2644,train
scene_2645,train
scene_2646,train
scene_2647,train
scene_2648,train
scene_2649,train
scene_265,train
scene_2650,train
scene_2651,train
scene_2652,train
scene_2653,train
scene_2654,train
scene_2655,train
scene_2656,train
scene_2657,train
scene_2658,train
scene_2659,train
scene_266,train
scene_2660,train
scene_2661,train
scene_2662,train
scene_2663,val
scene_2664,train
scene_2665,train
scene_2666,train
scene_2667,train
scene_2668,train
scene_2669,train
scene_267,train
scene_2670,train
scene_2671,train
scene_2672,train
scene_2673,train
scene_2674,train
scene_2675,train
scene_2676,train
scene_2677,val
scene_2678,train
scene_2679,train
scene_268,train
scene_2680,train
scene_2681,train
scene_2682,train
scene_2683,train
scene_2684,train
scene_2685,train
scene_2686,train
scene_2687,train
scene_2688,train
scene_2689,train
scene_269,train
scene_2690,train
scene_2691,train
scene_2692,train
scene_2693,train
scene_2694,train
scene_2695,train
scene_2696,train
scene_2697,train
scene_2699,train
scene_270,train
scene_2700,train
scene_2701,train
scene_2702,train
scene_2703,train
scene_2704,train
scene_2705,train
scene_2706,train
scene_2707,train
scene_2708,train
scene_2709,train
scene_271,train
scene_2710,train
scene_2711,train
scene_2712,train
scene_2713,train
scene_2714,train
scene_2715,train
scene_2716,train
scene_2717,train
scene_2718,train
scene_2719,train
scene_2720,train
scene_2721,train
scene_2722,train
scene_2723,val
scene_2724,val
scene_2725,train
scene_2726,val
scene_2727,train
scene_2728,train
scene_2729,train
scene_273,train
scene_2730,val
scene_2731,train
scene_2732,train
scene_2733,val
scene_2734,train
scene_2735,train
scene_2736,val
scene_2737,train
scene_2738,train
scene_2739,train
scene_274,train
scene_2740,train
scene_2741,train
scene_2742,train
scene_2743,train
scene_2744,train
scene_2745,train
scene_2746,train
scene_2747,train
scene_2749,train
scene_275,train
scene_2750,train
scene_2751,train
scene_2752,train
scene_2753,train
scene_2754,train
scene_2755,train
scene_2756,train
scene_2757,val
scene_2758,train
scene_2759,train
scene_276,train
scene_2760,train
scene_2761,train
scene_2762,train
scene_2763,train
scene_2764,train
scene_2765,train
scene_2766,train
scene_2767,train
scene_2768,train
scene_2769,train
scene_277,train
scene_2770,train
scene_2771,train
scene_2772,train
scene_2773,train
scene_2774,train
scene_2775,train
scene_2776,train
scene_2777,train
scene_2778,train
scene_2779,train
scene_278,train
scene_2780,train
scene_2781,train
scene_2782,train
scene_2783,train
scene_2784,train
scene_2785,train
scene_2786,train
scene_2787,train
scene_2788,val
scene_2789,train
scene_279,val
scene_2790,train
scene_2791,train
scene_2792,train
scene_2793,val
scene_2794,val
scene_2795,train
scene_2796,train
scene_2797,train
scene_2798,train
scene_2799,train
scene_280,train
scene_2800,train
scene_2801,train
scene_2802,train
scene_2803,train
scene_2804,train
scene_2805,train
scene_2806,val
scene_2807,train
scene_2808,val
scene_2809,train
scene_281,train
scene_2810,train
scene_2811,train
scene_2812,train
scene_2813,val
scene_2814,train
scene_2815,train
scene_2816,train
scene_2817,train
scene_2818,train
scene_2819,train
scene_282,train
scene_2820,train
scene_2821,train
scene_2822,train
scene_2823,train
scene_2824,train
scene_2825,train
scene_2826,train
scene_2827,train
scene_2828,val
scene_2829,train
scene_2830,val
scene_2831,val
scene_2832,train
scene_2833,val
scene_2834,train
scene_2835,train
scene_2836,train
scene_2837,train
scene_2838,val
scene_284,train
scene_2840,train
scene_2841,train
scene_2842,train
scene_2843,train
scene_2844,train
scene_2845,train
scene_2846,train
scene_2848,train
scene_2849,val
scene_285,train
scene_2850,train
scene_2851,val
scene_2852,train
scene_2853,train
scene_2854,train
scene_2855,train
scene_2856,train
scene_2857,train
scene_2858,val
scene_2859,train
scene_286,train
scene_2860,train
scene_2861,train
scene_2862,train
scene_2863,train
scene_2864,train
scene_2865,train
scene_2867,train
scene_2868,train
scene_2869,train
scene_287,val
scene_2870,train
scene_2871,train
scene_2872,train
scene_2873,train
scene_2874,train
scene_2875,train
scene_2876,train
scene_2877,val
scene_2878,train
scene_2879,train
scene_288,train
scene_2880,train
scene_2881,train
scene_2882,val
scene_2883,train
scene_2884,train
scene_2885,train
scene_2886,train
scene_2887,train
scene_2888,train
scene_2889,train
scene_289,train
scene_2891,train
scene_2892,train
scene_2893,train
scene_2894,train
scene_2895,train
scene_2896,train
scene_2897,train
scene_2898,train
scene_2899,train
scene_290,train
scene_2900,train
scene_2901,val
scene_2902,train
scene_2903,train
scene_2904,train
scene_2905,train
scene_2906,val
scene_2907,train
scene_2908,train
scene_2909,train
scene_291,train
scene_2910,train
scene_2911,train
scene_2912,train
scene_2913,train
scene_2914,train
scene_2915,train
scene_2916,train
scene_2917,val
scene_2918,train
scene_2919,train
scene_292,train
scene_2920,train
scene_2921,train
scene_2922,train
scene_2923,train
scene_2924,train
scene_2925,train
scene_2926,train
scene_2927,train
scene_2928,train
scene_2929,train
scene_293,train
scene_2930,train
scene_2931,train
scene_2932,train
scene_2933,train
scene_2934,train
scene_2935,train
scene_2936,train
scene_2937,train
scene_2938,train
scene_2939,train
scene_294,train
scene_2940,train
scene_2941,val
scene_2942,train
scene_2943,train
scene_2944,train
scene_2945,val
scene_2946,train
scene_2947,val
scene_2948,train
scene_2949,train
scene_295,train
scene_2950,train
scene_2951,train
scene_2952,train
scene_2953,train
scene_2954,train
scene_2955,train
scene_2956,train
scene_2957,train
scene_2959,train
scene_296,train
scene_2960,val
scene_2961,train
scene_2962,train
scene_2963,val
scene_2964,train
scene_2965,train
scene_2966,train
scene_2967,train
scene_2968,train
scene_2969,val
scene_297,train
scene_2970,train
scene_2971,train
scene_2972,train
scene_2973,val
scene_2974,train
scene_2975,train
scene_2976,val
scene_2977,train
scene_2978,train
scene_2979,train
scene_298,train
scene_2980,train
scene_2981,train
scene_2982,train
scene_2983,train
scene_2984,train
scene_2985,train
scene_2986,train
scene_2987,train
scene_2988,train
scene_2989,train
scene_299,train
scene_2990,train
scene_2991,train
scene_2992,train
scene_2993,train
scene_2994,train
scene_2995,train
scene_2996,train
scene_2997,train
scene_2998,train
scene_2999,train
scene_300,train
scene_3000,train
scene_3001,train
scene_3002,train
scene_3003,train
scene_3004,train
scene_3005,train
scene_3006,val
scene_3007,val
scene_3008,val
scene_3009,train
scene_301,train
scene_3010,train
scene_3011,train
scene_3012,train
scene_3013,train
scene_3014,train
scene_3015,train
scene_3016,train
scene_3017,train
scene_3018,train
scene_3019,train
scene_302,train
scene_3020,train
scene_3021,train
scene_3022,train
scene_3023,train
scene_3024,train
scene_3025,val
scene_3027,train
scene_3028,train
scene_3029,train
scene_303,train
scene_3030,train
scene_3031,train
scene_3032,train
scene_3033,val
scene_3034,train
scene_3035,train
scene_3036,val
scene_3037,train
scene_3038,train
scene_3039,val
scene_304,val
scene_3040,train
scene_3041,train
scene_3042,train
scene_3043,train
scene_3044,train
scene_3045,train
scene_3046,train
scene_3047,train
scene_3048,train
scene_3049,train
scene_305,train
scene_3051,train
scene_3052,train
scene_3053,train
scene_3054,val
scene_3055,train
scene_3056,train
scene_3057,train
scene_3058,train
scene_3059,train
scene_306,train
scene_3060,train
scene_3061,train
scene_3062,train
scene_3063,train
scene_3064,train
scene_3065,train
scene_3066,train
scene_3067,train
scene_3068,train
scene_3069,val
scene_307,train
scene_3070,train
scene_3071,train
scene_3072,val
scene_3073,train
scene_3074,train
scene_3075,train
scene_3076,train
scene_3078,train
scene_3079,train
scene_308,train
scene_3080,train
scene_3081,train
scene_3082,train
scene_3083,train
scene_3084,train
scene_3085,train
scene_3086,val
scene_3087,train
scene_3088,train
scene_3089,train
scene_309,val
scene_3091,train
scene_3092,train
scene_3093,train
scene_3094,train
scene_3095,train
scene_3096,train
scene_3097,train
scene_3098,train
scene_3099,train
scene_310,train
scene_3100,train
scene_3101,train
scene_3102,train
scene_3103,train
scene_3104,train
scene_3105,train
scene_3106,val
scene_3107,train
scene_3108,val
scene_3109,train
scene_311,train
scene_3110,train
scene_3111,train
scene_3112,train
scene_3113,train
scene_3114,train
scene_3115,train
scene_3116,train
scene_3117,train
scene_3118,train
scene_3119,train
scene_312,train
scene_3120,train
scene_3121,train
scene_3122,train
scene_3123,val
scene_3124,train
scene_3125,train
scene_3126,train
scene_3127,train
scene_3128,val
scene_3129,train
scene_313,train
scene_3130,train
scene_3131,train
scene_3132,train
scene_3133,train
scene_3134,train
scene_3135,train
scene_3136,train
scene_3137,train
scene_3138,train
scene_3139,train
scene_314,train
scene_3140,train
scene_3141,train
scene_3142,train
scene_3143,train
scene_3144,train
scene_3145,train
scene_3146,train
scene_3147,train
scene_3148,train
scene_3149,train
scene_3150,train
scene_3151,train
scene_3152,train
scene_3153,train
scene_3154,train
scene_3155,train
scene_3156,train
scene_3157,train
scene_3158,train
scene_3159,train
scene_316,train
scene_3160,train
scene_3161,train
scene_3162,train
scene_3163,train
scene_3164,train
scene_3165,train
scene_3166,train
scene_3167,train
scene_3168,train
scene_3169,train
scene_317,train
scene_3170,train
scene_3171,train
scene_3172,train
scene_3173,val
scene_3174,train
scene_3175,train
scene_3177,train
scene_3178,train
scene_3179,train
scene_318,train
scene_3180,train
scene_3181,train
scene_3182,train
scene_3183,train
scene_3184,val
scene_3185,train
scene_3186,train
scene_3187,train
scene_3188,train
scene_3189,train
scene_319,train
scene_3190,train
scene_3191,train
scene_3192,train
scene_3193,train
scene_3194,train
scene_3195,train
scene_3196,train
scene_3197,train
scene_3198,train
scene_3199,train
scene_320,train
scene_3200,train
scene_3201,train
scene_3202,train
scene_3203,train
scene_3204,train
scene_3205,train
scene_3206,train
scene_3207,train
scene_3208,train
scene_3209,val
scene_321,train
scene_3210,train
scene_3211,train
scene_3212,train
scene_3213,val
scene_3214,train
scene_3215,train
scene_3216,train
scene_3217,train
scene_3218,val
scene_3219,train
scene_322,train
scene_3220,train
scene_3221,train
scene_3222,train
scene_3223,train
scene_3224,train
scene_3225,train
scene_3226,train
scene_3227,train
scene_3228,train
scene_3229,train
scene_323,train
scene_3230,train
scene_3231,train
scene_3232,train
scene_3233,train
scene_3234,train
scene_3235,train
scene_3236,train
scene_3238,val
scene_3239,train
scene_324,train
scene_3240,val
scene_3241,train
scene_3242,val
scene_3243,val
scene_3244,train
scene_3245,train
scene_3246,train
scene_3247,train
scene_3248,train
scene_325,train
scene_3250,train
scene_3251,train
scene_3252,train
scene_3253,train
scene_3254,train
scene_3255,train
scene_3256,train
scene_3257,train
scene_3258,train
scene_3259,train
scene_326,train
scene_3260,train
scene_3261,val
scene_3262,train
scene_3263,val
scene_3264,train
scene_3265,train
scene_3266,train
scene_3267,train
scene_3268,train
scene_3269,train
scene_327,train
scene_3271,train
scene_3272,train
scene_3274,train
scene_3275,train
scene_3276,train
scene_3277,train
scene_3278,train
scene_3279,train
scene_328,train
scene_3280,train
scene_3281,train
scene_3282,train
scene_3283,train
scene_3284,train
scene_3285,train
scene_3286,train
scene_3287,train
scene_3289,train
scene_3290,train
scene_3291,train
scene_3292,train
scene_3293,train
scene_3294,val
scene_3295,train
scene_3296,train
scene_3297,train
scene_3298,train
scene_3299,train
scene_330,val
scene_3300,train
scene_3301,train
scene_3302,train
scene_3303,train
scene_3304,val
scene_3305,train
scene_3306,train
scene_3307,train
scene_3308,train
scene_3309,train
scene_331,train
scene_3310,train
scene_3311,train
scene_3312,train
scene_3313,train
scene_3314,train
scene_3315,train
scene_3316,train
scene_3317,train
scene_3318,train
scene_3319,val
scene_332,train
scene_3320,train
scene_3321,train
scene_3322,train
scene_3323,train
scene_3324,train
scene_3325,train
scene_3326,train
scene_3327,train
scene_3328,train
scene_3329,train
scene_333,train
scene_3330,val
scene_3331,train
scene_3332,train
scene_3333,train
scene_3334,train
scene_3335,train
scene_3336,train
scene_3337,train
scene_3338,train
scene_3339,train
scene_3340,train
scene_3341,train
scene_3342,train
scene_3343,train
scene_3344,train
scene_3345,train
scene_3346,train
scene_3347,val
scene_3348,train
scene_3349,train
scene_335,train
scene_3350,train
scene_3351,train
scene_3352,train
scene_3353,train
scene_3354,train
scene_3355,train
scene_3356,train
scene_3357,train
scene_3358,train
scene_3359,train
scene_336,train
scene_3360,train
scene_3361,train
scene_3362,train
scene_3363,train
scene_3364,val
scene_3365,train
scene_3366,train
scene_3367,train
scene_3368,train
scene_3369,train
scene_337,val
scene_3370,val
scene_3371,val
scene_3372,train
scene_3373,train
scene_3374,train
scene_3375,train
scene_3377,train
scene_3378,train
scene_3379,val
scene_338,train
scene_3380,train
scene_3381,train
scene_3382,train
scene_3383,train
scene_3384,train
scene_3385,train
scene_3386,train
scene_3387,train
scene_3388,train
scene_3389,train
scene_339,train
scene_3390,train
scene_3391,train
scene_3392,train
scene_3393,train
scene_3394,train
scene_3395,train
scene_3396,train
scene_3397,train
scene_3398,train
scene_3399,train
scene_340,train
scene_3400,train
scene_3401,train
scene_3402,train
scene_3403,train
scene_3404,train
scene_3405,train
scene_3406,train
scene_3407,train
scene_3408,train
scene_3409,train
scene_341,train
scene_3410,train
scene_3411,train
scene_3412,train
scene_3413,train
scene_3414,train
scene_3415,train
scene_3416,train
scene_3417,val
scene_3418,train
scene_3419,train
scene_342,train
scene_3420,train
scene_3421,train
scene_3422,train
scene_3423,train
scene_3424,train
scene_3425,train
scene_3426,train
scene_3427,train
scene_3428,train
scene_3429,train
scene_343,train
scene_3430,train
scene_3431,train
scene_3432,train
scene_3433,train
scene_3435,train
scene_3436,train
scene_3437,train
scene_3438,train
scene_3439,train
scene_344,train
scene_3440,train
scene_3441,train
scene_3442,train
scene_3443,train
scene_3444,train
scene_3445,train
scene_3446,train
scene_3447,train
scene_3448,train
scene_3449,val
scene_345,train
scene_3450,train
scene_3451,val
scene_3452,train
scene_3453,train
scene_3454,train
scene_3455,train
scene_3456,train
scene_3457,train
scene_3458,train
scene_3459,train
scene_346,train
scene_3460,val
scene_3461,train
scene_3462,train
scene_3463,val
scene_3464,val
scene_3465,train
scene_3466,train
scene_3467,train
scene_3468,train
scene_3469,train
scene_347,train
scene_3470,train
scene_3471,train
scene_3472,train
scene_3473,train
scene_3474,train
scene_3475,train
scene_3476,train
scene_3477,train
scene_3478,train
scene_3479,train
scene_348,val
scene_3480,train
scene_3481,train
scene_3482,train
scene_3483,train
scene_3484,train
scene_3485,train
scene_3486,train
scene_3487,train
scene_3488,val
scene_3489,train
scene_349,train
scene_3490,train
scene_3491,train
scene_3492,train
scene_3493,train
scene_3494,train
scene_3495,train
scene_3496,train
scene_3497,val
scene_3498,train
scene_3499,train
scene_350,val
scene_3500,train
scene_3501,train
scene_3502,train
scene_3503,train
scene_3504,val
scene_3505,train
scene_3506,train
scene_3507,train
scene_3508,train
scene_3509,train
scene_351,train
scene_3510,train
scene_3511,val
scene_3512,train
scene_3513,train
scene_3514,train
scene_3515,train
scene_3516,train
scene_3517,train
scene_3518,train
scene_3519,train
scene_352,train
scene_3520,train
scene_3521,train
scene_3522,train
scene_3523,train
scene_3524,train
scene_3525,train
scene_3526,train
scene_3527,train
scene_3528,val
scene_3529,train
scene_353,train
scene_3530,train
scene_3531,train
scene_3532,train
scene_3533,train
scene_3535,train
scene_3536,train
scene_3537,train
scene_3538,train
scene_3539,train
scene_354,train
scene_3540,train
scene_3541,train
scene_3542,train
scene_3543,train
scene_3544,train
scene_3545,val
scene_3546,train
scene_3547,train
scene_3548,train
scene_3549,train
scene_355,train
scene_3550,train
scene_3551,train
scene_3552,train
scene_3553,train
scene_3554,train
scene_3555,val
scene_3556,train
scene_3557,train
scene_3558,train
scene_3559,train
scene_356,train
scene_3560,train
scene_3561,train
scene_3562,train
scene_3563,train
scene_3564,train
scene_3565,val
scene_3566,train
scene_3567,train
scene_3568,val
scene_3569,train
scene_357,train
scene_3570,train
scene_3571,train
scene_3572,train
scene_3573,train
scene_3574,train
scene_3575,train
scene_3576,train
scene_3577,train
scene_3578,train
scene_3579,train
scene_358,train
scene_3580,train
scene_3581,train
scene_3582,train
scene_3583,train
scene_3584,train
scene_3585,train
scene_3586,train
scene_3587,train
scene_3588,train
scene_3589,train
scene_359,train
scene_3590,train
scene_3591,train
scene_3592,train
scene_3593,train
scene_3595,train
scene_3596,train
scene_3597,val
scene_3598,train
scene_3599,train
scene_360,train
scene_3600,train
scene_3601,val
scene_3602,train
scene_3603,train
scene_3604,train
scene_3605,train
scene_3606,train
scene_3607,train
scene_3608,train
scene_3609,train
scene_361,val
scene_3610,train
scene_3611,train
scene_3612,val
scene_3613,val
scene_3614,train
scene_3615,train
scene_3616,train
scene_3617,train
scene_3618,val
scene_3619,train
scene_362,val
scene_3620,train
scene_3621,train
scene_3622,train
scene_3623,train
scene_3624,train
scene_3625,train
scene_3626,train
scene_3627,train
scene_3628,train
scene_3629,train
scene_363,val
scene_3630,train
scene_3631,train
scene_3632,val
scene_3633,train
scene_3634,train
scene_3635,train
scene_3636,val
scene_3637,train
scene_3638,train
scene_3639,train
scene_364,train
scene_3640,train
scene_3641,train
scene_3642,train
scene_3643,train
scene_3644,train
scene_3645,val
scene_3646,train
scene_3647,train
scene_3648,train
scene_3649,val
scene_365,train
scene_3650,train
scene_3651,train
scene_3652,train
scene_3653,val
scene_3654,train
scene_3655,train
scene_3656,train
scene_3657,val
scene_3658,train
scene_3659,val
scene_366,train
scene_3660,train
scene_3661,train
scene_3662,train
scene_3663,train
scene_3664,val
scene_3665,train
scene_3666,val
scene_3667,train
scene_3668,train
scene_3669,val
scene_367,train
scene_3670,val
scene_3671,train
scene_3672,train
scene_3673,train
scene_3674,train
scene_3675,train
scene_3676,train
scene_3677,train
scene_3678,train
scene_3679,val
scene_368,val
scene_3680,train
scene_3681,val
scene_3682,val
scene_3683,train
scene_3684,train
scene_3685,val
scene_3686,val
scene_3687,train
scene_3688,train
scene_3689,val
scene_369,train
scene_3690,train
scene_3691,train
scene_3692,val
scene_3693,train
scene_3694,train
scene_3695,train
scene_3696,train
scene_3697,train
scene_3698,train
scene_3699,train
scene_370,train
scene_3700,train
scene_3701,train
scene_3702,train
scene_3703,train
scene_3704,train
scene_3705,train
scene_3706,train
scene_3707,val
scene_3708,train
scene_3709,train
scene_371,train
scene_3710,train
scene_3711,train
scene_3712,train
scene_3713,train
scene_3714,train
scene_3715,train
scene_3716,train
scene_3717,train
scene_3718,train
scene_3719,train
scene_372,train
scene_3720,val
scene_3721,train
scene_3722,train
scene_3723,train
scene_3724,train
scene_3725,train
scene_3726,train
scene_3727,train
scene_3728,train
scene_3729,train
scene_373,train
scene_3730,train
scene_3731,val
scene_3732,train
scene_3733,train
scene_3734,train
scene_3735,train
scene_3736,train
scene_3737,train
scene_3738,train
scene_3739,train
scene_374,train
scene_3740,train
scene_3741,train
scene_3742,train
scene_3743,train
scene_3744,train
scene_3745,train
scene_3746,train
scene_3747,train
scene_3748,train
scene_375,train
scene_3750,train
scene_3751,train
scene_3752,train
scene_3753,train
scene_3754,train
scene_3756,train
scene_3757,train
scene_3758,train
scene_3759,train
scene_376,train
scene_3760,train
scene_3761,train
scene_3762,train
scene_3763,train
scene_3764,train
scene_3765,train
scene_3766,train
scene_3767,train
scene_3768,train
scene_3769,train
scene_377,train
scene_3770,train
scene_3771,train
scene_3772,train
scene_3773,train
scene_3774,train
scene_3775,train
scene_3776,train
scene_3777,val
scene_3778,train
scene_3779,train
scene_378,train
scene_3780,train
scene_3781,train
scene_3782,train
scene_3783,train
scene_3784,train
scene_3785,train
scene_3786,train
scene_3787,train
scene_3788,val
scene_3789,train
scene_379,train
scene_3790,val
scene_3791,train
scene_3792,train
scene_3793,train
scene_3794,train
scene_3795,train
scene_3796,train
scene_3797,val
scene_3798,val
scene_3799,train
scene_380,train
scene_3800,train
scene_3801,val
scene_3802,train
scene_3803,val
scene_3804,train
scene_3805,train
scene_3806,train
scene_3807,val
scene_3808,val
scene_3809,train
scene_381,train
scene_3810,train
scene_3811,train
scene_3812,train
scene_3813,train
scene_3814,train
scene_3815,train
scene_3816,train
scene_3817,train
scene_3819,train
scene_382,train
scene_3820,train
scene_3821,train
scene_3822,train
scene_3823,val
scene_3824,val
scene_3825,train
scene_3826,train
scene_3827,train
scene_3828,train
scene_3829,train
scene_383,train
scene_3830,train
scene_3831,train
scene_3832,train
scene_3833,train
scene_3834,train
scene_3835,train
scene_3836,train
scene_3837,train
scene_3838,train
scene_3839,train
scene_384,train
scene_3840,train
scene_3841,train
scene_3842,val
scene_3843,train
scene_3844,train
scene_3845,train
scene_3846,train
scene_3847,train
scene_3848,train
scene_3849,train
scene_385,train
scene_3850,train
scene_3851,train
scene_3853,val
scene_3854,train
scene_3855,train
scene_3856,train
scene_3857,train
scene_3858,train
scene_3859,train
scene_386,train
scene_3860,train
scene_3861,train
scene_3862,train
scene_3863,train
scene_3864,train
scene_3865,train
scene_3866,train
scene_3867,train
scene_3868,train
scene_3869,train
scene_387,train
scene_3870,train
scene_3871,train
scene_3872,train
scene_3874,train
scene_3875,train
scene_3876,train
scene_3877,train
scene_3878,val
scene_3879,train
scene_388,train
scene_3880,train
scene_3881,train
scene_3882,train
scene_3883,train
scene_3884,train
scene_3885,train
scene_3886,train
scene_3887,train
scene_3888,train
scene_3889,train
scene_389,train
scene_3890,train
scene_3891,train
scene_3892,train
scene_3893,train
scene_3894,train
scene_3895,train
scene_3896,train
scene_3897,train
scene_3898,val
scene_3899,train
scene_390,train
scene_3900,train
scene_3901,train
scene_3902,train
scene_3903,train
scene_3904,train
scene_3905,train
scene_3906,train
scene_3907,val
scene_3908,train
scene_3909,train
scene_391,train
scene_3910,train
scene_3911,train
scene_3912,train
scene_3913,val
scene_3914,train
scene_3915,train
scene_3916,train
scene_3917,train
scene_3918,train
scene_3919,train
scene_392,train
scene_3920,train
scene_3921,train
scene_3922,train
scene_3923,train
scene_3924,train
scene_3925,train
scene_3926,train
scene_3927,train
scene_3928,train
scene_3929,train
scene_393,train
scene_3930,train
scene_3931,val
scene_3932,train
scene_3933,train
scene_3934,train
scene_3935,train
scene_3936,train
scene_3937,train
scene_3938,train
scene_3939,train
scene_394,train
scene_3940,train
scene_3941,train
scene_3942,train
scene_3943,train
scene_3944,train
scene_3945,train
scene_3946,train
scene_3947,val
scene_3948,train
scene_3949,train
scene_395,train
scene_3950,train
scene_3951,train
scene_3952,train
scene_3953,train
scene_3954,train
scene_3955,train
scene_3956,train
scene_3957,train
scene_3958,val
scene_3959,train
scene_396,train
scene_3960,train
scene_3961,train
scene_3962,train
scene_3963,train
scene_3964,train
scene_3965,train
scene_3966,train
scene_3967,train
scene_3968,train
scene_3969,train
scene_397,train
scene_3970,train
scene_3971,train
scene_3972,train
scene_3973,train
scene_3974,train
scene_3975,train
scene_3976,train
scene_3977,train
scene_3978,train
scene_3979,train
scene_398,train
scene_3980,train
scene_3981,train
scene_3982,val
scene_3983,train
scene_3984,train
scene_3986,train
scene_3987,train
scene_3988,train
scene_3989,train
scene_399,train
scene_3990,train
scene_3991,train
scene_3992,train
scene_3993,train
scene_3994,train
scene_3995,val
scene_3996,train
scene_3997,train
scene_3998,train
scene_3999,train
scene_400,train
scene_4000,train
scene_4001,train
scene_4002,train
scene_4003,train
scene_4004,train
scene_4006,train
scene_4007,train
scene_4008,train
scene_4009,train
scene_401,train
scene_4010,train
scene_4011,train
scene_4012,train
scene_4013,train
scene_4014,val
scene_4015,train
scene_4016,train
scene_4017,train
scene_4018,train
scene_4019,train
scene_402,train
scene_4020,train
scene_4021,train
scene_4022,train
scene_4023,train
scene_4024,train
scene_4025,train
scene_4026,train
scene_4027,train
scene_4028,train
scene_4029,train
scene_403,train
scene_4030,train
scene_4031,train
scene_4032,train
scene_4033,train
scene_4034,train
scene_4035,train
scene_4036,train
scene_4037,val
scene_4038,train
scene_4039,val
scene_404,train
scene_4040,train
scene_4041,val
scene_4042,val
scene_4043,train
scene_4044,train
scene_4045,train
scene_4046,train
scene_4047,train
scene_4048,train
scene_4049,train
scene_405,train
scene_4050,train
scene_4051,train
scene_4052,train
scene_4053,train
scene_4054,train
scene_4055,train
scene_4056,val
scene_4057,train
scene_4058,train
scene_4059,train
scene_406,train
scene_4060,train
scene_4061,train
scene_4062,train
scene_4063,train
scene_4064,train
scene_4065,train
scene_4066,train
scene_4067,train
scene_4068,train
scene_4069,train
scene_407,train
scene_4070,train
scene_4071,train
scene_4072,train
scene_4073,train
scene_4074,train
scene_4075,train
scene_4076,train
scene_4077,train
scene_4078,train
scene_4079,train
scene_408,train
scene_4080,train
scene_4081,train
scene_4082,train
scene_4083,train
scene_4084,train
scene_4085,train
scene_4086,train
scene_4087,val
scene_4088,train
scene_4089,train
scene_409,train
scene_4090,val
scene_4091,train
scene_4092,train
scene_4093,train
scene_4094,train
scene_4095,train
scene_4096,train
scene_4097,train
scene_4098,train
scene_4099,train
scene_410,val
scene_4100,train
scene_4101,train
scene_4102,train
scene_4103,train
scene_4104,train
scene_4105,train
scene_4106,train
scene_4107,train
scene_4108,train
scene_4109,train
scene_411,train
scene_4111,train
scene_4112,train
scene_4113,train
scene_4114,train
scene_4115,train
scene_4116,train
scene_4117,train
scene_4118,train
scene_4119,train
scene_412,train
scene_4120,train
scene_4121,train
scene_4122,val
scene_4123,train
scene_4124,train
scene_4125,train
scene_4126,train
scene_4127,train
scene_4128,train
scene_4129,train
scene_413,train
scene_4130,train
scene_4131,val
scene_4132,train
scene_4133,train
scene_4134,train
scene_4135,train
scene_4136,train
scene_4137,train
scene_4138,train
scene_4139,train
scene_414,train
scene_4140,train
scene_4141,train
scene_4142,val
scene_4143,train
scene_4144,val
scene_4145,train
scene_4146,train
scene_4147,train
scene_4148,train
scene_4149,train
scene_415,train
scene_4150,train
scene_4151,train
scene_4152,train
scene_4153,train
scene_4154,val
scene_4155,train
scene_4156,train
scene_4157,train
scene_4158,train
scene_4159,train
scene_416,train
scene_4160,train
scene_4161,train
scene_4162,train
scene_4163,train
scene_4164,train
scene_4165,train
scene_4166,val
scene_4167,train
scene_4168,train
scene_4169,train
scene_417,train
scene_4170,train
scene_4171,train
scene_4172,train
scene_4173,train
scene_4174,train
scene_4175,val
scene_4176,train
scene_4177,train
scene_4178,train
scene_4179,train
scene_418,train
scene_4180,train
scene_4181,train
scene_4182,train
scene_4184,train
scene_4185,train
scene_4186,train
scene_4187,train
scene_4188,train
scene_4189,train
scene_419,train
scene_4190,train
scene_4191,train
scene_4192,train
scene_4193,train
scene_4194,train
scene_4195,train
scene_4196,train
scene_4197,train
scene_4198,train
scene_4199,val
scene_420,train
scene_4200,train
scene_4201,train
scene_4202,train
scene_4203,train
scene_4204,train
scene_4205,train
scene_4206,train
scene_4207,train
scene_4208,train
scene_4209,train
scene_421,train
scene_4210,train
scene_4211,train
scene_4212,val
scene_4213,train
scene_4214,train
scene_4215,train
scene_4216,train
scene_4217,train
scene_4218,train
scene_4219,train
scene_422,train
scene_4220,train
scene_4221,train
scene_4222,train
scene_4223,val
scene_4224,train
scene_4225,train
scene_4226,train
scene_4227,train
scene_4228,train
scene_4229,train
scene_423,val
scene_4230,train
scene_4231,train
scene_4232,train
scene_4233,train
scene_4234,train
scene_4235,val
scene_4236,train
scene_4237,train
scene_4238,train
scene_4239,train
scene_424,val
scene_4240,train
scene_4241,train
scene_4242,train
scene_4243,val
scene_4244,train
scene_4245,train
scene_4246,train
scene_4247,train
scene_4249,train
scene_425,train
scene_4250,train
scene_4251,train
scene_4252,train
scene_4253,val
scene_4254,val
scene_4255,train
scene_4256,train
scene_4257,val
scene_4258,val
scene_4259,train
scene_426,train
scene_4261,train
scene_4262,train
scene_4263,train
scene_4265,train
scene_4266,train
scene_4267,train
scene_4268,train
scene_4269,val
scene_427,train
scene_4270,train
scene_4271,train
scene_4272,train
scene_4273,train
scene_4274,train
scene_4275,val
scene_4276,train
scene_4277,val
scene_4278,train
scene_4279,train
scene_428,train
scene_4280,train
scene_4281,train
scene_4282,train
scene_4283,train
scene_4284,train
scene_4285,train
scene_4286,train
scene_4287,train
scene_4288,train
scene_4289,train
scene_429,train
scene_4290,train
scene_4291,train
scene_4292,train
scene_4293,train
scene_4294,train
scene_4295,train
scene_4296,train
scene_4297,train
scene_4298,train
scene_4299,train
scene_430,train
scene_4300,train
scene_4301,train
scene_4302,train
scene_4303,train
scene_4304,train
scene_4306,train
scene_4307,train
scene_4308,train
scene_4309,train
scene_431,train
scene_4310,train
scene_4311,train
scene_4312,train
scene_4313,train
scene_4314,train
scene_4315,val
scene_4316,train
scene_4317,val
scene_4318,val
scene_4319,train
scene_432,train
scene_4320,train
scene_4321,train
scene_4322,train
scene_4323,train
scene_4324,train
scene_4325,train
scene_4326,val
scene_4327,train
scene_4328,train
scene_4329,train
scene_433,train
scene_4330,train
scene_4331,train
scene_4332,val
scene_4333,train
scene_4334,train
scene_4335,train
scene_4336,train
scene_4337,train
scene_4338,train
scene_4339,train
scene_434,train
scene_4340,train
scene_4341,train
scene_4342,train
scene_4343,train
scene_4344,train
scene_4345,train
scene_4346,train
scene_4347,train
scene_4348,train
scene_4349,train
scene_435,val
scene_4350,train
scene_4351,train
scene_4352,train
scene_4353,train
scene_4354,train
scene_4355,train
scene_4356,train
scene_4357,train
scene_4359,train
scene_436,train
scene_4360,train
scene_4361,train
scene_4362,train
scene_4363,train
scene_4364,train
scene_4365,train
scene_4366,train
scene_4367,train
scene_4368,train
scene_4369,train
scene_437,train
scene_4370,val
scene_4371,train
scene_4372,val
scene_4373,train
scene_4374,train
scene_4375,train
scene_4376,val
scene_4377,train
scene_4378,train
scene_4379,val
scene_438,train
scene_4380,train
scene_4381,val
scene_4382,val
scene_4383,train
scene_4384,train
scene_4385,train
scene_4386,val
scene_4387,train
scene_4388,train
scene_4389,train
scene_439,train
scene_4390,train
scene_4391,train
scene_4392,train
scene_4393,train
scene_4394,val
scene_4395,train
scene_4396,val
scene_4397,train
scene_4398,train
scene_4399,train
scene_440,train
scene_4400,train
scene_4401,train
scene_4402,train
scene_4403,train
scene_4404,train
scene_4405,train
scene_4406,val
scene_4407,train
scene_4408,train
scene_4409,val
scene_441,train
scene_4410,train
scene_4412,train
scene_4413,train
scene_4414,train
scene_4415,train
scene_4416,train
scene_4417,train
scene_4418,train
scene_4419,train
scene_442,train
scene_4420,train
scene_4421,train
scene_4422,train
scene_4423,train
scene_4424,train
scene_4425,train
scene_4426,train
scene_4427,train
scene_4428,train
scene_4429,train
scene_443,train
scene_4430,train
scene_4431,val
scene_4432,train
scene_4433,train
scene_4434,train
scene_4435,train
scene_4436,train
scene_4437,train
scene_4438,train
scene_4439,train
scene_444,train
scene_4440,train
scene_4442,train
scene_4443,train
scene_4444,train
scene_4445,train
scene_4446,val
scene_4448,train
scene_4449,train
scene_445,val
scene_4450,train
scene_4451,train
scene_4452,train
scene_4453,val
scene_4454,train
scene_4455,train
scene_4456,train
scene_4457,train
scene_4458,train
scene_4459,train
scene_446,val
scene_4460,train
scene_4461,train
scene_4462,val
scene_4463,train
scene_4464,train
scene_4465,train
scene_4466,train
scene_4467,train
scene_4468,train
scene_4469,train
scene_447,train
scene_4470,train
scene_4471,train
scene_4472,train
scene_4473,train
scene_4474,val
scene_4475,val
scene_4476,train
scene_4477,train
scene_4478,train
scene_4479,train
scene_448,train
scene_4480,train
scene_4481,train
scene_4482,train
scene_4484,train
scene_4485,train
scene_4486,train
scene_4487,train
scene_4488,val
scene_4489,train
scene_449,train
scene_4490,train
scene_4491,train
scene_4492,train
scene_4493,train
scene_4494,train
scene_4495,train
scene_4496,train
scene_4497,train
scene_4498,train
scene_4499,train
scene_450,train
scene_4500,train
scene_4501,train
scene_4502,train
scene_4503,train
scene_4504,train
scene_4505,train
scene_4506,train
scene_4507,train
scene_4508,train
scene_4509,train
scene_451,train
scene_4510,train
scene_4511,train
scene_4512,train
scene_4513,train
scene_4514,train
scene_4515,train
scene_4516,train
scene_4517,train
scene_4518,train
scene_4519,train
scene_452,train
scene_4520,train
scene_4521,train
scene_4522,train
scene_4523,val
scene_4524,train
scene_4525,train
scene_4526,val
scene_4527,train
scene_4528,train
scene_4529,train
scene_453,train
scene_4530,train
scene_4531,train
scene_4532,train
scene_4533,train
scene_4534,train
scene_4535,train
scene_4536,train
scene_4537,train
scene_4538,train
scene_4539,train
scene_454,train
scene_4540,train
scene_4541,train
scene_4542,train
scene_4543,train
scene_4544,val
scene_4545,train
scene_4546,val
scene_4547,train
scene_4548,train
scene_4549,train
scene_455,train
scene_4550,train
scene_4551,train
scene_4552,train
scene_4553,train
scene_4555,train
scene_4556,val
scene_4557,train
scene_4558,train
scene_4559,train
scene_456,train
scene_4560,val
scene_4561,train
scene_4562,train
scene_4563,train
scene_4565,train
scene_4566,train
scene_4567,train
scene_4568,train
scene_457,train
scene_4570,train
scene_4571,train
scene_4572,train
scene_4573,train
scene_4574,train
scene_4575,train
scene_4576,val
scene_4577,train
scene_4578,train
scene_4579,train
scene_458,train
scene_4580,train
scene_4581,train
scene_4582,train
scene_4583,train
scene_4584,train
scene_4585,train
scene_4586,train
scene_4587,train
scene_4589,train
scene_459,train
scene_4590,train
scene_4591,train
scene_4592,train
scene_4593,train
scene_4594,train
scene_4595,train
scene_4596,train
scene_4597,train
scene_4598,train
scene_4599,train
scene_460,train
scene_4600,train
scene_4601,train
scene_4602,train
scene_4603,train
scene_4604,train
scene_4605,train
scene_4606,train
scene_4607,train
scene_4608,train
scene_4609,val
scene_461,train
scene_4610,train
scene_4611,train
scene_4612,train
scene_4613,train
scene_4614,train
scene_4615,train
scene_4616,train
scene_4617,val
scene_4618,train
scene_4619,train
scene_462,train
scene_4620,train
scene_4621,train
scene_4622,train
scene_4623,train
scene_4624,train
scene_4625,train
scene_4626,train
scene_4627,train
scene_4628,train
scene_4629,train
scene_463,train
scene_4631,train
scene_4632,train
scene_4633,train
scene_4635,train
scene_4636,train
scene_4637,train
scene_4638,train
scene_4639,train
scene_464,train
scene_4640,train
scene_4641,train
scene_4642,train
scene_4643,train
scene_4644,train
scene_4645,train
scene_4646,train
scene_4647,train
scene_4648,train
scene_4649,train
scene_465,train
scene_4650,train
scene_4651,train
scene_4652,train
scene_4653,train
scene_4654,train
scene_4656,train
scene_4657,train
scene_4659,train
scene_466,train
scene_4660,train
scene_4661,train
scene_4662,train
scene_4663,train
scene_4664,train
scene_4665,train
scene_4666,train
scene_4667,train
scene_4668,train
scene_4669,train
scene_467,train
scene_4670,train
scene_4671,train
scene_4672,train
scene_4673,train
scene_4674,train
scene_4675,train
scene_4676,train
scene_4677,train
scene_4678,train
scene_4679,train
scene_468,train
scene_4680,train
scene_4681,train
scene_4683,train
scene_4684,train
scene_4685,train
scene_4686,train
scene_4687,train
scene_4688,train
scene_4689,train
scene_469,train
scene_4690,train
scene_4691,train
scene_4692,train
scene_4693,train
scene_4694,train
scene_4695,train
scene_4697,train
scene_4698,train
scene_4699,train
scene_470,train
scene_4700,train
scene_4701,train
scene_4702,train
scene_4703,train
scene_4704,train
scene_4705,train
scene_4706,train
scene_4707,train
scene_4708,train
scene_4709,train
scene_471,train
scene_4710,train
scene_4711,val
scene_4712,train
scene_4713,train
scene_4714,train
scene_4715,val
scene_4716,train
scene_4717,train
scene_4718,train
scene_4719,train
scene_472,train
scene_4720,train
scene_4721,val
scene_4722,train
scene_4723,train
scene_4724,train
scene_4725,train
scene_4726,val
scene_4727,train
scene_4728,train
scene_4729,train
scene_473,train
scene_4730,train
scene_4731,train
scene_4732,train
scene_4733,train
scene_4734,train
scene_4735,train
scene_4736,train
scene_4738,train
scene_4739,train
scene_474,train
scene_4740,train
scene_4741,train
scene_4742,val
scene_4743,train
scene_4744,train
scene_4745,train
scene_4746,train
scene_4747,train
scene_4748,train
scene_4749,train
scene_475,train
scene_4750,train
scene_4751,train
scene_4752,val
scene_4753,train
scene_4754,val
scene_4755,train
scene_4756,train
scene_4757,train
scene_4758,val
scene_476,train
scene_4760,train
scene_4761,train
scene_4762,train
scene_4763,train
scene_4764,train
scene_4765,val
scene_4767,train
scene_4768,val
scene_4769,train
scene_477,train
scene_4770,train
scene_4771,train
scene_4772,val
scene_4773,train
scene_4774,train
scene_4775,train
scene_4776,val
scene_4777,train
scene_4778,train
scene_4779,train
scene_478,train
scene_4780,train
scene_4781,train
scene_4782,train
scene_4783,val
scene_4784,train
scene_4785,train
scene_4786,train
scene_4787,val
scene_4788,train
scene_4789,train
scene_479,train
scene_4790,train
scene_4791,train
scene_4792,train
scene_4793,train
scene_4794,train
scene_4796,val
scene_4797,train
scene_4798,train
scene_4799,train
scene_480,train
scene_4800,val
scene_4801,train
scene_4802,val
scene_4803,train
scene_4804,train
scene_4805,train
scene_4806,train
scene_4807,train
scene_4808,train
scene_4809,train
scene_481,train
scene_4810,train
scene_4811,train
scene_4812,val
scene_4813,train
scene_4814,train
scene_4815,train
scene_4816,train
scene_4817,train
scene_4818,train
scene_4819,train
scene_482,train
scene_4820,train
scene_4821,val
scene_4822,train
scene_4823,train
scene_4824,train
scene_4825,val
scene_4826,val
scene_4827,train
scene_4828,train
scene_483,train
scene_4830,train
scene_4831,train
scene_4832,train
scene_4833,train
scene_4834,train
scene_4835,train
scene_4836,train
scene_4837,train
scene_4838,val
scene_4839,train
scene_484,train
scene_4840,train
scene_4841,train
scene_4842,train
scene_4843,train
scene_4844,train
scene_4845,train
scene_4846,train
scene_4847,train
scene_4848,train
scene_4849,train
scene_485,train
scene_4850,train
scene_4851,train
scene_4852,train
scene_4853,train
scene_4854,train
scene_4855,train
scene_4856,train
scene_4857,train
scene_4858,train
scene_4859,train
scene_486,train
scene_4860,train
scene_4861,train
scene_4862,train
scene_4863,train
scene_4864,train
scene_4865,train
scene_4866,val
scene_4867,train
scene_4868,train
scene_4869,train
scene_487,train
scene_4870,val
scene_4871,train
scene_4872,train
scene_4873,train
scene_4874,train
scene_4875,train
scene_4876,train
scene_4877,train
scene_4878,train
scene_4879,train
scene_488,train
scene_4880,train
scene_4882,train
scene_4883,train
scene_4884,train
scene_4885,train
scene_4886,train
scene_4888,train
scene_4889,val
scene_489,train
scene_4890,train
scene_4891,train
scene_4892,train
scene_4893,val
scene_4894,train
scene_4895,train
scene_4896,train
scene_4897,train
scene_4898,train
scene_4899,train
scene_490,train
scene_4900,train
scene_4901,train
scene_4902,train
scene_4903,train
scene_4904,train
scene_4905,train
scene_4906,train
scene_4907,train
scene_4908,train
scene_4909,train
scene_491,train
scene_4910,train
scene_4911,train
scene_4912,train
scene_4913,train
scene_4914,train
scene_4915,train
scene_4916,train
scene_4917,train
scene_4918,train
scene_4919,train
scene_492,train
scene_4920,train
scene_4921,train
scene_4922,train
scene_4923,val
scene_4924,train
scene_4926,train
scene_4928,train
scene_4929,train
scene_493,train
scene_4930,val
scene_4931,train
scene_4932,train
scene_4933,train
scene_4935,train
scene_4936,train
scene_4937,train
scene_4938,train
scene_4939,train
scene_494,train
scene_4940,train
scene_4941,train
scene_4942,train
scene_4943,train
scene_4944,train
scene_4945,train
scene_4946,train
scene_4947,train
scene_4948,train
scene_4949,train
scene_4950,train
scene_4951,train
scene_4952,train
scene_4953,train
scene_4954,train
scene_4955,train
scene_4956,train
scene_4957,val
scene_4958,train
scene_4959,train
scene_496,train
scene_4960,val
scene_4961,train
scene_4962,train
scene_4963,train
scene_4964,train
scene_4965,train
scene_4966,train
scene_4967,train
scene_4968,train
scene_4969,train
scene_497,train
scene_4970,train
scene_4971,train
scene_4972,train
scene_4973,train
scene_4974,train
scene_4975,train
scene_4976,train
scene_4977,train
scene_4978,train
scene_4979,train
scene_498,train
scene_4980,train
scene_4981,val
scene_4982,val
scene_4983,train
scene_4984,train
scene_4985,train
scene_4986,train
scene_4987,train
scene_4988,train
scene_4990,train
scene_4991,train
scene_4992,train
scene_4993,train
scene_4994,train
scene_4995,train
scene_4996,train
scene_4997,train
scene_4998,train
scene_4999,train
scene_500,train
scene_5000,train
scene_5001,val
scene_5002,train
scene_5003,train
scene_5004,train
scene_5005,train
scene_5006,train
scene_5007,train
scene_5008,train
scene_5009,train
scene_501,train
scene_5010,train
scene_5011,train
scene_5012,train
scene_5013,train
scene_5014,train
scene_5015,train
scene_5016,train
scene_5017,train
scene_5018,train
scene_5019,train
scene_502,train
scene_5020,train
scene_5021,train
scene_5022,train
scene_5023,train
scene_5024,train
scene_5025,train
scene_5026,train
scene_5027,train
scene_5028,val
scene_5029,train
scene_503,train
scene_5030,train
scene_5031,train
scene_5032,val
scene_5033,train
scene_5034,train
scene_5035,train
scene_5036,train
scene_5037,train
scene_5038,train
scene_5039,train
scene_504,train
scene_5040,train
scene_5041,train
scene_5042,train
scene_5043,train
scene_5044,train
scene_5045,train
scene_5046,train
scene_5047,train
scene_5048,train
scene_5049,train
scene_505,val
scene_5050,train
scene_5051,train
scene_5052,train
scene_5053,train
scene_5054,train
scene_5055,train
scene_5056,val
scene_5057,train
scene_5058,train
scene_5059,train
scene_506,train
scene_5060,train
scene_5061,train
scene_5062,train
scene_5063,train
scene_5064,train
scene_5066,train
scene_5067,train
scene_5068,train
scene_5069,train
scene_507,train
scene_5070,train
scene_5071,train
scene_5072,train
scene_5073,train
scene_5074,train
scene_5075,train
scene_5076,train
scene_5077,train
scene_5078,train
scene_5079,train
scene_508,val
scene_5080,val
scene_5081,train
scene_5082,train
scene_5083,train
scene_5084,train
scene_5085,train
scene_5086,train
scene_5087,train
scene_5088,val
scene_5089,train
scene_509,train
scene_5090,train
scene_5091,train
scene_5092,train
scene_5093,train
scene_5094,train
scene_5095,train
scene_5096,train
scene_5097,train
scene_5098,train
scene_5099,train
scene_510,train
scene_5100,train
scene_5101,train
scene_5102,train
scene_5103,train
scene_5104,train
scene_5105,train
scene_5106,val
scene_5107,train
scene_5108,train
scene_5109,train
scene_511,train
scene_5110,train
scene_5111,train
scene_5112,train
scene_5113,train
scene_5114,train
scene_5115,train
scene_5116,train
scene_5117,train
scene_5118,train
scene_5119,train
scene_512,train
scene_5120,train
scene_5121,train
scene_5122,train
scene_5123,train
scene_5124,train
scene_5125,train
scene_5126,train
scene_5127,train
scene_5128,train
scene_5129,train
scene_513,train
scene_5130,train
scene_5131,train
scene_5132,train
scene_5133,train
scene_5134,train
scene_5135,train
scene_5136,train
scene_5137,train
scene_5138,train
scene_5139,train
scene_514,train
scene_5140,train
scene_5141,train
scene_5142,train
scene_5143,train
scene_5144,train
scene_5145,val
scene_5146,train
scene_5147,train
scene_5148,train
scene_5149,train
scene_515,train
scene_5150,train
scene_5151,train
scene_5152,val
scene_5153,train
scene_5154,train
scene_5155,train
scene_5156,train
scene_5157,train
scene_5158,train
scene_5159,train
scene_516,train
scene_5160,val
scene_5161,val
scene_5162,train
scene_5163,train
scene_5164,train
scene_5165,train
scene_5166,train
scene_5167,train
scene_5168,train
scene_5169,train
scene_517,train
scene_5170,train
scene_5171,train
scene_5172,train
scene_5173,train
scene_5174,train
scene_5175,train
scene_5176,train
scene_5177,train
scene_5178,train
scene_5179,train
scene_518,train
scene_5181,train
scene_5182,val
scene_5183,train
scene_5184,train
scene_5185,train
scene_5186,val
scene_5187,train
scene_5188,train
scene_5189,train
scene_519,train
scene_5190,train
scene_5191,train
scene_5192,train
scene_5193,train
scene_5194,train
scene_5195,val
scene_5196,train
scene_5197,val
scene_5198,train
scene_5199,train
scene_520,train
scene_5200,val
scene_5201,train
scene_5202,train
scene_5203,val
scene_5204,train
scene_5205,train
scene_5206,train
scene_5207,train
scene_5208,train
scene_5209,train
scene_521,train
scene_5210,train
scene_5211,train
scene_5212,train
scene_5213,val
scene_5214,train
scene_5215,train
scene_5216,train
scene_5217,train
scene_5218,train
scene_5219,train
scene_522,train
scene_5220,train
scene_5221,train
scene_5222,train
scene_5223,val
scene_5224,train
scene_5225,train
scene_5226,train
scene_5227,train
scene_5228,train
scene_5229,train
scene_523,train
scene_5230,val
scene_5231,train
scene_5232,train
scene_5233,train
scene_5234,train
scene_5235,train
scene_5236,train
scene_5237,train
scene_5238,train
scene_5239,train
scene_524,train
scene_5240,train
scene_5241,train
scene_5242,train
scene_5243,train
scene_5244,train
scene_5245,train
scene_5246,train
scene_5247,train
scene_5248,train
scene_5249,train
scene_525,train
scene_5250,train
scene_5251,train
scene_5252,train
scene_5253,train
scene_5254,train
scene_5255,train
scene_5256,train
scene_5257,train
scene_5258,train
scene_5259,train
scene_526,train
scene_5260,train
scene_5261,train
scene_5262,train
scene_5263,train
scene_5264,train
scene_5265,train
scene_5266,train
scene_5267,train
scene_5268,train
scene_5269,train
scene_527,train
scene_5270,train
scene_5271,train
scene_5272,train
scene_5273,train
scene_5274,train
scene_5275,train
scene_5276,train
scene_5277,train
scene_5278,train
scene_5279,train
scene_528,val
scene_5280,train
scene_5281,train
scene_5282,train
scene_5283,train
scene_5284,train
scene_5285,train
scene_5286,train
scene_5287,train
scene_5289,val
scene_529,train
scene_5290,val
scene_5291,train
scene_5292,train
scene_5293,train
scene_5294,train
scene_5295,train
scene_5296,train
scene_5297,train
scene_5299,train
scene_530,train
scene_5300,train
scene_5301,val
scene_5302,val
scene_5303,train
scene_5304,train
scene_5305,train
scene_5306,train
scene_5307,train
scene_5308,train
scene_5309,train
scene_531,train
scene_5310,train
scene_5311,train
scene_5312,train
scene_5313,train
scene_5314,train
scene_5316,train
scene_5317,train
scene_5318,train
scene_5319,train
scene_532,train
scene_5320,train
scene_5321,train
scene_5322,train
scene_5323,train
scene_5324,train
scene_5325,train
scene_5326,train
scene_5327,train
scene_5328,train
scene_5329,train
scene_533,train
scene_5330,train
scene_5331,train
scene_5332,train
scene_5333,train
scene_5334,train
scene_5335,train
scene_5336,train
scene_5337,train
scene_5338,val
scene_5339,train
scene_534,train
scene_5340,train
scene_5341,train
scene_5342,train
scene_5343,train
scene_5345,train
scene_5346,val
scene_5347,train
scene_5348,train
scene_5349,train
scene_535,train
scene_5350,train
scene_5351,train
scene_5352,train
scene_5353,train
scene_5354,train
scene_5355,train
scene_5356,val
scene_5357,train
scene_5358,train
scene_5359,train
scene_536,train
scene_5360,train
scene_5361,train
scene_5362,train
scene_5363,train
scene_5364,train
scene_5365,train
scene_5366,train
scene_5367,train
scene_5368,train
scene_5369,train
scene_537,val
scene_5370,train
scene_5372,train
scene_5373,train
scene_5374,train
scene_5375,train
scene_5376,val
scene_5377,val
scene_5378,train
scene_5379,train
scene_538,train
scene_5380,train
scene_5381,train
scene_5382,train
scene_5383,train
scene_5384,train
scene_5385,train
scene_5386,train
scene_5387,train
scene_5388,val
scene_5389,val
scene_539,train
scene_5390,val
scene_5391,val
scene_5392,train
scene_5393,train
scene_5394,val
scene_5395,train
scene_5396,train
scene_5397,train
scene_5399,train
scene_540,train
scene_5401,train
scene_5402,train
scene_5403,train
scene_5404,train
scene_5405,val
scene_5406,train
scene_5407,val
scene_5408,train
scene_5409,train
scene_541,train
scene_5410,train
scene_5411,train
scene_5412,train
scene_5413,train
scene_5414,train
scene_5415,train
scene_5416,train
scene_5418,train
scene_5419,train
scene_542,train
scene_5420,train
scene_5421,train
scene_5422,train
scene_5423,train
scene_5424,train
scene_5425,train
scene_5426,train
scene_5427,train
scene_5428,train
scene_5429,train
scene_5430,train
scene_5431,train
scene_5432,train
scene_5433,train
scene_5434,train
scene_5435,val
scene_5436,train
scene_5437,train
scene_5438,val
scene_544,val
scene_5440,train
scene_5441,train
scene_5442,train
scene_5443,train
scene_5444,train
scene_5445,train
scene_5446,train
scene_5447,train
scene_5448,train
scene_545,train
scene_5450,train
scene_5451,train
scene_5452,train
scene_5453,train
scene_5454,train
scene_5455,train
scene_5456,train
scene_5457,train
scene_5458,train
scene_5459,train
scene_546,val
scene_5460,train
scene_5461,train
scene_5462,train
scene_5463,train
scene_5464,train
scene_5465,train
scene_5466,train
scene_5467,train
scene_5468,train
scene_5469,train
scene_547,train
scene_5470,train
scene_5471,train
scene_5472,train
scene_5473,train
scene_5474,train
scene_5475,train
scene_5476,train
scene_5477,train
scene_5478,train
scene_5479,train
scene_548,train
scene_5480,val
scene_5481,train
scene_5482,train
scene_5483,train
scene_5484,train
scene_5485,train
scene_5486,train
scene_5487,train
scene_5488,train
scene_5489,train
scene_549,train
scene_5491,train
scene_5492,val
scene_5493,train
scene_5494,train
scene_5495,train
scene_5496,train
scene_5497,train
scene_5498,train
scene_550,train
scene_5500,train
scene_5501,train
scene_5502,train
scene_5503,val
scene_5504,train
scene_5505,train
scene_5506,train
scene_5507,val
scene_5508,train
scene_5509,train
scene_551,train
scene_5510,train
scene_5511,train
scene_5512,train
scene_5513,train
scene_5514,train
scene_5515,train
scene_5516,train
scene_5517,train
scene_5518,train
scene_5519,train
scene_552,train
scene_5520,train
scene_5521,train
scene_5522,train
scene_5523,train
scene_5524,train
scene_5525,train
scene_5526,train
scene_5527,train
scene_5528,train
scene_5529,train
scene_553,train
scene_5530,train
scene_5531,train
scene_5532,train
scene_5533,train
scene_5534,train
scene_5535,train
scene_5536,train
scene_5537,train
scene_5538,train
scene_5539,train
scene_554,train
scene_5540,train
scene_5541,train
scene_5542,train
scene_5543,train
scene_5544,val
scene_5545,train
scene_5547,train
scene_5548,train
scene_5549,train
scene_5550,train
scene_5551,train
scene_5552,train
scene_5553,train
scene_5554,train
scene_5555,train
scene_5556,train
scene_5557,val
scene_5558,train
scene_5559,train
scene_556,train
scene_5560,train
scene_5561,train
scene_5562,train
scene_5563,train
scene_5564,train
scene_5565,train
scene_5566,train
scene_5567,train
scene_5568,train
scene_5569,train
scene_557,train
scene_5570,train
scene_5571,train
scene_5572,train
scene_5573,train
scene_5574,val
scene_5575,train
scene_5576,train
scene_5577,val
scene_5578,val
scene_5579,train
scene_558,train
scene_5580,train
scene_5581,train
scene_5582,val
scene_5583,train
scene_5584,train
scene_5585,train
scene_5586,train
scene_5587,train
scene_5588,train
scene_5589,train
scene_559,train
scene_5590,train
scene_5591,val
scene_5592,train
scene_5593,train
scene_5594,train
scene_5595,train
scene_5596,train
scene_5597,train
scene_5598,val
scene_5599,train
scene_560,train
scene_5600,train
scene_5601,train
scene_5602,train
scene_5603,train
scene_5604,train
scene_5605,train
scene_5606,train
scene_5607,train
scene_5608,train
scene_5609,train
scene_561,train
scene_5610,train
scene_5611,train
scene_5612,train
scene_5613,train
scene_5614,train
scene_5615,train
scene_5616,train
scene_5617,train
scene_5618,val
scene_5619,train
scene_562,train
scene_5620,train
scene_5621,train
scene_5622,train
scene_5623,train
scene_5624,train
scene_5625,train
scene_5626,train
scene_5627,train
scene_5628,train
scene_5629,train
scene_563,train
scene_5630,train
scene_5631,train
scene_5632,train
scene_5633,train
scene_5634,train
scene_5635,train
scene_5636,train
scene_5637,val
scene_5638,train
scene_5639,train
scene_564,val
scene_5640,train
scene_5641,train
scene_5642,train
scene_5643,train
scene_5644,train
scene_5645,train
scene_5646,train
scene_5647,train
scene_5648,train
scene_5649,train
scene_565,train
scene_5650,train
scene_5651,train
scene_5652,train
scene_5653,val
scene_5654,train
scene_5655,train
scene_5656,train
scene_5657,train
scene_5658,train
scene_5659,val
scene_566,train
scene_5660,train
scene_5661,train
scene_5662,train
scene_5663,train
scene_5664,val
scene_5665,train
scene_5666,train
scene_5667,train
scene_5668,train
scene_5669,train
scene_567,train
scene_5670,val
scene_5671,train
scene_5672,train
scene_5673,train
scene_5674,train
scene_5675,train
scene_5676,train
scene_5677,train
scene_5678,val
scene_5679,train
scene_568,train
scene_5680,train
scene_5681,train
scene_5682,train
scene_5683,train
scene_5684,train
scene_5685,train
scene_5686,train
scene_5687,train
scene_5688,train
scene_569,train
scene_5690,train
scene_5691,train
scene_5692,train
scene_5693,train
scene_5694,train
scene_5695,train
scene_5696,train
scene_5697,train
scene_5698,train
scene_5699,train
scene_570,train
scene_5700,train
scene_5701,train
scene_5702,train
scene_5703,train
scene_5704,train
scene_5706,train
scene_5707,train
scene_5708,train
scene_5709,train
scene_571,train
scene_5710,train
scene_5711,train
scene_5712,train
scene_5713,train
scene_5714,train
scene_5715,train
scene_5716,train
scene_5717,train
scene_5718,train
scene_5719,train
scene_572,train
scene_5720,train
scene_5721,train
scene_5722,train
scene_5723,train
scene_5724,train
scene_5725,train
scene_5726,val
scene_5727,train
scene_5728,train
scene_5729,train
scene_573,train
scene_5730,val
scene_5731,train
scene_5732,train
scene_5733,train
scene_5734,train
scene_5735,train
scene_5736,train
scene_5737,train
scene_5738,train
scene_5739,train
scene_574,val
scene_5740,train
scene_5741,train
scene_5742,train
scene_5743,train
scene_5744,train
scene_5745,train
scene_5746,train
scene_5747,train
scene_5748,train
scene_5749,train
scene_575,train
scene_5750,train
scene_5751,train
scene_5752,train
scene_5753,train
scene_5754,train
scene_5755,train
scene_5756,train
scene_5757,train
scene_5758,train
scene_5759,train
scene_576,train
scene_5760,train
scene_5761,train
scene_5762,train
scene_5763,val
scene_5764,train
scene_5765,train
scene_5766,train
scene_5767,train
scene_5768,train
scene_5769,train
scene_577,train
scene_5770,train
scene_5771,train
scene_5772,train
scene_5773,train
scene_5774,val
scene_5775,train
scene_5776,train
scene_5777,train
scene_5778,train
scene_5779,train
scene_578,train
scene_5780,train
scene_5781,val
scene_5782,train
scene_5783,train
scene_5784,train
scene_5785,train
scene_5786,train
scene_5787,train
scene_5788,train
scene_5789,train
scene_579,train
scene_5790,train
scene_5791,val
scene_5792,train
scene_5793,train
scene_5794,train
scene_5795,train
scene_5796,train
scene_5797,train
scene_5798,train
scene_5799,train
scene_580,train
scene_5800,train
scene_5801,train
scene_5802,val
scene_5804,train
scene_5805,val
scene_5806,train
scene_5807,val
scene_5808,train
scene_5809,train
scene_581,train
scene_5810,val
scene_5811,train
scene_5812,train
scene_5813,train
scene_5814,train
scene_5815,train
scene_5816,train
scene_5817,train
scene_5818,train
scene_5819,train
scene_582,train
scene_5820,train
scene_5821,train
scene_5822,train
scene_5823,train
scene_5824,train
scene_5825,train
scene_5826,train
scene_5827,train
scene_5828,train
scene_5829,train
scene_583,train
scene_5830,train
scene_5831,val
scene_5832,train
scene_5833,train
scene_5834,val
scene_5835,train
scene_5836,train
scene_5837,train
scene_5838,train
scene_5839,train
scene_584,train
scene_5840,train
scene_5841,val
scene_5842,train
scene_5843,train
scene_5844,train
scene_5845,train
scene_5846,train
scene_5847,train
scene_5848,train
scene_5849,train
scene_585,train
scene_5850,train
scene_5851,train
scene_5852,train
scene_5853,train
scene_5855,train
scene_5856,train
scene_5857,train
scene_5858,train
scene_5859,train
scene_586,train
scene_5860,train
scene_5861,train
scene_5862,val
scene_5863,train
scene_5864,train
scene_5866,train
scene_5867,train
scene_5868,train
scene_5869,train
scene_587,train
scene_5870,val
scene_5871,val
scene_5872,train
scene_5873,train
scene_5874,train
scene_5875,train
scene_5876,train
scene_5877,train
scene_5878,train
scene_5879,val
scene_588,train
scene_5880,train
scene_5881,train
scene_5882,train
scene_5883,train
scene_5884,train
scene_5885,train
scene_5886,train
scene_5887,train
scene_5888,train
scene_5889,train
scene_589,train
scene_5890,val
scene_5892,train
scene_5893,train
scene_5894,train
scene_5895,val
scene_5896,train
scene_5897,train
scene_5898,train
scene_5899,train
scene_590,train
scene_5900,train
scene_5901,train
scene_5902,val
scene_5903,train
scene_5904,train
scene_5905,train
scene_5906,train
scene_5907,train
scene_5908,train
scene_5909,train
scene_591,train
scene_5910,train
scene_5911,train
scene_5912,train
scene_5913,train
scene_5914,train
scene_5915,train
scene_5916,train
scene_5917,train
scene_5919,train
scene_592,train
scene_5920,train
scene_5921,train
scene_5922,train
scene_5923,train
scene_5924,train
scene_5925,train
scene_5926,train
scene_5927,val
scene_5928,train
scene_5929,train
scene_593,val
scene_5930,train
scene_5931,train
scene_5932,train
scene_5933,train
scene_5934,train
scene_5935,train
scene_5936,train
scene_5937,train
scene_5938,train
scene_5939,train
scene_594,train
scene_5940,train
scene_5941,train
scene_5942,train
scene_5943,train
scene_5944,train
scene_5945,train
scene_5946,train
scene_5947,train
scene_5948,train
scene_5949,train
scene_595,train
scene_5950,val
scene_5951,train
scene_5952,train
scene_5953,val
scene_5954,train
scene_5955,train
scene_5956,val
scene_5957,train
scene_5958,val
scene_5959,train
scene_596,val
scene_5960,train
scene_5961,train
scene_5962,train
scene_5963,train
scene_5964,train
scene_5965,train
scene_5966,train
scene_5967,train
scene_5968,train
scene_5969,train
scene_597,train
scene_5970,train
scene_5971,train
scene_5972,train
scene_5973,train
scene_5974,train
scene_5975,train
scene_5976,train
scene_5977,train
scene_5978,train
scene_5979,train
scene_598,train
scene_5980,train
scene_5981,train
scene_5982,train
scene_5983,train
scene_5984,val
scene_5985,train
scene_5986,train
scene_5987,val
scene_5988,train
scene_5989,train
scene_599,train
scene_5990,train
scene_5991,train
scene_5992,train
scene_5993,train
scene_5994,train
scene_5995,val
scene_5996,train
scene_5997,train
scene_5998,train
scene_5999,train
scene_600,val
scene_6000,train
scene_6001,val
scene_6002,train
scene_6003,train
scene_6004,val
scene_6005,train
scene_6006,train
scene_6007,train
scene_6008,train
scene_6009,train
scene_601,train
scene_6010,train
scene_6011,train
scene_6012,val
scene_6013,train
scene_6015,train
scene_6016,train
scene_6017,val
scene_6018,train
scene_6019,train
scene_602,train
scene_6020,train
scene_6021,train
scene_6022,train
scene_6023,train
scene_6024,val
scene_6025,train
scene_6026,train
scene_6027,train
scene_6028,train
scene_6029,train
scene_603,train
scene_6030,train
scene_6031,train
scene_6032,train
scene_6033,val
scene_6034,train
scene_6035,train
scene_6036,train
scene_6037,val
scene_6038,train
scene_6039,train
scene_604,val
scene_6040,train
scene_6041,train
scene_6042,train
scene_6043,train
scene_6044,train
scene_6045,train
scene_6046,train
scene_6047,val
scene_6048,train
scene_6049,train
scene_605,train
scene_6050,val
scene_6051,train
scene_6052,train
scene_6053,train
scene_6054,train
scene_6055,val
scene_6056,train
scene_6058,train
scene_6059,val
scene_606,train
scene_6060,train
scene_6061,train
scene_6062,train
scene_6063,train
scene_6064,train
scene_6065,train
scene_6066,train
scene_6067,train
scene_6069,train
scene_607,train
scene_6070,train
scene_6071,train
scene_6072,train
scene_6073,train
scene_6074,train
scene_6075,train
scene_6076,train
scene_6077,train
scene_6078,train
scene_6079,train
scene_608,train
scene_6080,train
scene_6081,train
scene_6082,train
scene_6083,train
scene_6084,val
scene_6085,train
scene_6086,train
scene_6087,train
scene_6088,train
scene_6089,train
scene_609,train
scene_6090,train
scene_6091,train
scene_6092,train
scene_6093,train
scene_6094,train
scene_6095,train
scene_6096,val
scene_6098,train
scene_6099,train
scene_610,train
scene_6100,train
scene_6101,val
scene_6102,train
scene_6103,train
scene_6104,train
scene_6105,train
scene_6106,train
scene_6107,train
scene_6109,train
scene_611,train
scene_6110,train
scene_6111,train
scene_6112,train
scene_6113,train
scene_6114,train
scene_6115,train
scene_6116,train
scene_6117,train
scene_6118,train
scene_6119,train
scene_612,val
scene_6120,train
scene_6121,train
scene_6122,val
scene_6123,train
scene_6124,train
scene_6125,train
scene_6126,train
scene_6127,train
scene_6128,train
scene_6129,train
scene_613,train
scene_6130,train
scene_6131,train
scene_6132,train
scene_6133,train
scene_6134,train
scene_6135,val
scene_6136,train
scene_6137,train
scene_6138,train
scene_6139,train
scene_614,train
scene_6140,train
scene_6141,train
scene_6142,train
scene_6143,train
scene_6144,train
scene_6145,train
scene_6146,train
scene_6147,train
scene_6148,train
scene_6149,train
scene_615,train
scene_6150,train
scene_6151,train
scene_6152,train
scene_6153,train
scene_6155,val
scene_6156,train
scene_6157,train
scene_6158,train
scene_6159,train
scene_616,val
scene_6160,train
scene_6161,train
scene_6162,train
scene_6163,train
scene_6164,train
scene_6165,train
scene_6166,train
scene_6167,train
scene_6168,train
scene_6169,train
scene_617,train
scene_6170,train
scene_6171,train
scene_6172,train
scene_6173,train
scene_6174,train
scene_6175,train
scene_6176,train
scene_6177,val
scene_6178,train
scene_6179,train
scene_618,train
scene_6180,train
scene_6181,train
scene_6182,train
scene_6183,train
scene_6184,train
scene_6185,train
scene_6186,train
scene_6187,train
scene_6188,train
scene_6189,val
scene_619,train
scene_6190,train
scene_6191,train
scene_6192,train
scene_6193,train
scene_6194,train
scene_6195,train
scene_6196,train
scene_6197,train
scene_6198,train
scene_6199,train
scene_620,train
scene_6200,train
scene_6201,train
scene_6202,train
scene_6203,train
scene_6204,train
scene_6205,train
scene_6206,train
scene_6207,train
scene_6208,train
scene_6209,train
scene_621,val
scene_6210,train
scene_6211,train
scene_6212,train
scene_6213,train
scene_6214,train
scene_6215,val
scene_6216,train
scene_6217,train
scene_6218,train
scene_6219,train
scene_622,train
scene_6220,train
scene_6221,train
scene_6222,train
scene_6223,train
scene_6224,train
scene_6225,train
scene_6226,train
scene_6227,train
scene_6228,train
scene_6229,train
scene_623,val
scene_6230,train
scene_6231,train
scene_6232,train
scene_6233,train
scene_6234,val
scene_6235,train
scene_6236,train
scene_6237,train
scene_6238,train
scene_6239,train
scene_624,train
scene_6240,train
scene_6241,train
scene_6242,train
scene_6243,train
scene_6244,train
scene_6245,train
scene_6246,train
scene_6247,val
scene_6248,train
scene_6249,train
scene_625,train
scene_6250,train
scene_6251,train
scene_6252,train
scene_6253,train
scene_6254,train
scene_6255,train
scene_6256,train
scene_6257,train
scene_6258,train
scene_6259,train
scene_626,val
scene_6260,train
scene_6261,train
scene_6262,train
scene_6263,train
scene_6264,train
scene_6265,train
scene_6266,train
scene_6267,train
scene_6268,train
scene_6269,train
scene_627,train
scene_6270,train
scene_6271,train
scene_6272,train
scene_6273,train
scene_6274,train
scene_6275,train
scene_6276,train
scene_6277,train
scene_6278,train
scene_6279,train
scene_628,train
scene_6280,train
scene_6281,train
scene_6282,train
scene_6283,val
scene_6284,train
scene_6285,train
scene_6286,train
scene_6287,train
scene_6288,train
scene_6289,train
scene_629,train
scene_6290,val
scene_6291,train
scene_6293,train
scene_6294,train
scene_6295,train
scene_6296,train
scene_6297,train
scene_6299,train
scene_630,train
scene_6300,train
scene_6301,train
scene_6302,train
scene_6303,val
scene_6304,train
scene_6305,train
scene_6306,train
scene_6307,val
scene_6308,train
scene_6309,val
scene_631,train
scene_6310,train
scene_6311,train
scene_6312,train
scene_6313,train
scene_6314,train
scene_6315,train
scene_6316,train
scene_6317,train
scene_6318,train
scene_6319,train
scene_632,train
scene_6320,train
scene_6321,train
scene_6322,train
scene_6323,train
scene_6324,train
scene_6325,train
scene_6326,val
scene_6327,train
scene_6328,val
scene_6329,train
scene_633,train
scene_6330,train
scene_6331,train
scene_6332,train
scene_6333,train
scene_6334,val
scene_6335,train
scene_6336,train
scene_6337,train
scene_6339,train
scene_634,train
scene_6340,train
scene_6341,train
scene_6342,train
scene_6343,val
scene_6344,train
scene_6345,train
scene_6346,train
scene_6347,train
scene_6348,train
scene_6349,train
scene_635,train
scene_6350,train
scene_6351,train
scene_6352,val
scene_6353,train
scene_6354,train
scene_6355,train
scene_6356,train
scene_6357,train
scene_6358,train
scene_6359,train
scene_636,train
scene_6360,train
scene_6361,train
scene_6362,train
scene_6363,train
scene_6364,train
scene_6365,train
scene_6366,train
scene_6367,val
scene_6368,train
scene_6369,train
scene_637,train
scene_6370,train
scene_6371,train
scene_6372,val
scene_6373,train
scene_6374,train
scene_6375,val
scene_6376,train
scene_6377,train
scene_6378,train
scene_638,train
scene_6380,train
scene_6381,train
scene_6382,train
scene_6383,train
scene_6384,train
scene_6385,train
scene_6386,train
scene_6387,train
scene_6388,train
scene_6389,train
scene_639,train
scene_6390,train
scene_6391,train
scene_6392,train
scene_6393,val
scene_6394,train
scene_6395,train
scene_6396,train
scene_6397,train
scene_6398,train
scene_6399,train
scene_640,train
scene_6400,val
scene_6401,train
scene_6402,train
scene_6403,train
scene_6404,train
scene_6405,val
scene_6407,val
scene_6408,train
scene_6409,train
scene_641,train
scene_6410,val
scene_6411,train
scene_6412,train
scene_6413,train
scene_6414,val
scene_6415,train
scene_6416,train
scene_6417,train
scene_6418,train
scene_6419,train
scene_642,train
scene_6420,train
scene_6421,train
scene_6422,train
scene_6423,train
scene_6424,train
scene_6425,val
scene_6426,train
scene_6427,train
scene_6428,train
scene_6429,train
scene_643,train
scene_6430,train
scene_6431,train
scene_6432,train
scene_6433,train
scene_6434,train
scene_6435,val
scene_6436,val
scene_6437,train
scene_6438,train
scene_6439,train
scene_644,train
scene_6440,train
scene_6441,train
scene_6442,train
scene_6443,val
scene_6444,train
scene_6445,train
scene_6446,train
scene_6447,train
scene_6448,val
scene_6449,train
scene_645,train
scene_6450,train
scene_6451,val
scene_6452,train
scene_6453,train
scene_6454,train
scene_6455,train
scene_6456,train
scene_6457,train
scene_6459,train
scene_646,train
scene_6460,val
scene_6461,train
scene_6462,val
scene_6463,train
scene_6464,train
scene_6465,train
scene_6466,val
scene_6467,train
scene_6468,train
scene_6469,train
scene_647,train
scene_6470,train
scene_6471,train
scene_6472,train
scene_6474,train
scene_6475,train
scene_6476,train
scene_6477,train
scene_6478,train
scene_6479,train
scene_648,train
scene_6480,train
scene_6481,train
scene_6482,train
scene_6483,val
scene_6484,train
scene_6485,train
scene_6486,train
scene_6487,train
scene_6488,train
scene_6489,train
scene_649,train
scene_6490,train
scene_6491,train
scene_6492,train
scene_6493,val
scene_6494,train
scene_6495,train
scene_6496,train
scene_6497,train
scene_6498,train
scene_6499,train
scene_650,train
scene_6500,train
scene_6501,train
scene_6502,train
scene_6503,train
scene_6505,train
scene_6506,train
scene_6507,train
scene_6508,train
scene_6509,train
scene_651,train
scene_6510,train
scene_6511,train
scene_6512,train
scene_6513,val
scene_6514,train
scene_6515,train
scene_6517,train
scene_6518,val
scene_6519,train
scene_652,train
scene_6520,train
scene_6521,train
scene_6522,train
scene_6523,train
scene_6524,train
scene_6525,train
scene_6526,train
scene_6527,train
scene_6528,train
scene_6529,train
scene_653,train
scene_6531,train
scene_6532,train
scene_6533,train
scene_6534,train
scene_6535,train
scene_6536,train
scene_6537,train
scene_6538,val
scene_6539,train
scene_654,train
scene_6540,train
scene_6541,train
scene_6542,train
scene_6543,train
scene_6544,train
scene_6545,train
scene_6546,train
scene_6547,train
scene_6548,train
scene_6549,train
scene_655,train
scene_6550,train
scene_6551,train
scene_6552,val
scene_6553,train
scene_6554,train
scene_6555,train
scene_6556,train
scene_6557,train
scene_6558,train
scene_6559,train
scene_656,train
scene_6560,train
scene_6561,train
scene_6563,train
scene_6564,train
scene_6565,train
scene_6566,train
scene_6568,train
scene_6569,train
scene_657,train
scene_6570,train
scene_6571,train
scene_6572,train
scene_6573,train
scene_6574,train
scene_6575,train
scene_6576,train
scene_6577,train
scene_6578,train
scene_6579,train
scene_658,train
scene_6580,train
scene_6581,train
scene_6582,train
scene_6583,train
scene_6584,train
scene_6585,train
scene_6586,val
scene_6587,train
scene_6588,val
scene_6589,train
scene_659,train
scene_6590,train
scene_6591,train
scene_6592,val
scene_6593,val
scene_6594,train
scene_6595,train
scene_6596,train
scene_6597,train
scene_6598,train
scene_6599,train
scene_660,train
scene_6600,train
scene_6601,train
scene_6602,train
scene_6603,train
scene_6604,train
scene_6605,val
scene_6606,train
scene_6607,val
scene_6608,train
scene_6609,train
scene_661,train
scene_6610,train
scene_6611,train
scene_6612,train
scene_6613,train
scene_6614,val
scene_6615,train
scene_6616,train
scene_6617,train
scene_6618,train
scene_6619,train
scene_662,train
scene_6620,val
scene_6621,train
scene_6622,train
scene_6623,train
scene_6624,train
scene_6625,train
scene_6626,train
scene_6627,train
scene_6628,train
scene_6629,train
scene_663,train
scene_6630,train
scene_6631,train
scene_6632,val
scene_6633,train
scene_6634,train
scene_6635,train
scene_6636,train
scene_6637,train
scene_6638,train
scene_6639,train
scene_664,train
scene_6640,train
scene_6641,train
scene_6642,val
scene_6643,train
scene_6644,train
scene_6645,train
scene_6647,train
scene_6648,train
scene_6649,train
scene_665,train
scene_6650,train
scene_6651,train
scene_6652,val
scene_6653,val
scene_6654,train
scene_6655,val
scene_6656,train
scene_6657,train
scene_6658,val
scene_6659,train
scene_666,train
scene_6660,train
scene_6661,train
scene_6662,train
scene_6663,train
scene_6664,train
scene_6665,train
scene_6666,train
scene_6667,train
scene_6668,train
scene_6669,train
scene_667,train
scene_6670,train
scene_6671,train
scene_6672,train
scene_6673,train
scene_6674,train
scene_6675,train
scene_6676,train
scene_6677,train
scene_6678,train
scene_6679,train
scene_668,train
scene_6680,train
scene_6681,val
scene_6682,train
scene_6683,train
scene_6684,train
scene_6685,train
scene_6686,train
scene_6687,train
scene_6688,train
scene_6689,train
scene_669,train
scene_6690,train
scene_6691,train
scene_6692,train
scene_6693,train
scene_6694,train
scene_6695,train
scene_6696,train
scene_6697,val
scene_6698,train
scene_6699,train
scene_670,val
scene_6701,train
scene_6702,train
scene_6703,train
scene_6704,train
scene_6705,train
scene_6706,train
scene_6707,train
scene_6708,train
scene_6709,train
scene_671,train
scene_6710,train
scene_6711,train
scene_6712,train
scene_6713,train
scene_6714,train
scene_6715,train
scene_6716,train
scene_6717,train
scene_6718,train
scene_6719,train
scene_672,train
scene_6720,train
scene_6721,train
scene_6722,val
scene_6723,train
scene_6726,train
scene_6727,val
scene_6728,train
scene_6729,train
scene_673,train
scene_6730,train
scene_6731,train
scene_6732,train
scene_6733,train
scene_6734,train
scene_6735,train
scene_6736,train
scene_6737,train
scene_6738,train
scene_6739,train
scene_674,train
scene_6740,train
scene_6741,train
scene_6742,train
scene_6743,val
scene_6744,train
scene_6745,train
scene_6746,train
scene_6747,train
scene_6748,train
scene_675,train
scene_6750,train
scene_6751,train
scene_6752,val
scene_6753,train
scene_6755,train
scene_6756,train
scene_6757,val
scene_6758,train
scene_6759,train
scene_676,train
scene_6760,train
scene_6761,train
scene_6762,train
scene_6763,train
scene_6764,train
scene_6765,train
scene_6766,train
scene_6767,train
scene_6768,train
scene_6769,train
scene_677,train
scene_6770,train
scene_6771,train
scene_6772,train
scene_6773,train
scene_6774,train
scene_6775,train
scene_6776,val
scene_6777,train
scene_6778,train
scene_6779,train
scene_678,train
scene_6780,train
scene_6781,train
scene_6782,train
scene_6783,train
scene_6784,train
scene_6785,train
scene_6786,train
scene_6787,train
scene_6788,train
scene_6789,train
scene_679,train
scene_6790,train
scene_6791,train
scene_6792,train
scene_6794,train
scene_6795,train
scene_6796,train
scene_6797,train
scene_6798,train
scene_6799,train
scene_680,train
scene_6800,train
scene_6801,train
scene_6802,train
scene_6803,val
scene_6804,train
scene_6805,train
scene_6806,val
scene_6807,train
scene_6808,train
scene_6809,train
scene_681,train
scene_6810,train
scene_6811,train
scene_6812,train
scene_6813,train
scene_6814,train
scene_6815,train
scene_6816,train
scene_6817,train
scene_6819,train
scene_682,train
scene_6820,train
scene_6821,train
scene_6822,train
scene_6823,train
scene_6824,train
scene_6825,train
scene_6826,train
scene_6827,train
scene_6828,train
scene_6829,train
scene_683,train
scene_6830,train
scene_6831,train
scene_6832,train
scene_6833,train
scene_6834,train
scene_6835,train
scene_6836,train
scene_6837,train
scene_6838,train
scene_6839,train
scene_684,train
scene_6840,train
scene_6841,train
scene_6842,train
scene_6843,val
scene_6844,train
scene_6845,train
scene_6846,train
scene_6847,train
scene_6848,train
scene_6849,train
scene_685,val
scene_6850,train
scene_6851,train
scene_6852,train
scene_6853,train
scene_6854,val
scene_6855,train
scene_6856,train
scene_6857,train
scene_6858,train
scene_6859,val
scene_686,train
scene_6860,train
scene_6861,val
scene_6862,val
scene_6863,train
scene_6864,train
scene_6865,train
scene_6866,train
scene_6867,train
scene_6869,train
scene_687,train
scene_6870,train
scene_6871,train
scene_6872,train
scene_6873,train
scene_6874,train
scene_6875,train
scene_6876,val
scene_6877,train
scene_6878,train
scene_6879,train
scene_688,train
scene_6880,train
scene_6881,val
scene_6882,train
scene_6883,train
scene_6884,train
scene_6885,val
scene_6886,train
scene_6887,val
scene_6888,train
scene_6889,train
scene_689,train
scene_6890,train
scene_6891,val
scene_6893,train
scene_6894,train
scene_6895,train
scene_6896,val
scene_6897,train
scene_6898,train
scene_6899,train
scene_690,train
scene_6900,train
scene_6901,val
scene_6902,train
scene_6903,train
scene_6904,train
scene_6905,train
scene_6906,train
scene_6907,train
scene_6908,val
scene_6909,train
scene_691,val
scene_6910,train
scene_6911,train
scene_6912,train
scene_6913,train
scene_6914,train
scene_6915,train
scene_6916,val
scene_6917,train
scene_6918,train
scene_6919,train
scene_692,train
scene_6920,train
scene_6921,train
scene_6922,train
scene_6923,val
scene_6924,train
scene_6925,train
scene_6926,train
scene_6927,train
scene_6928,train
scene_6929,train
scene_6930,train
scene_6931,train
scene_6932,train
scene_6933,train
scene_6934,train
scene_6935,train
scene_6937,train
scene_6938,train
scene_6939,train
scene_694,train
scene_6940,train
scene_6941,train
scene_6942,train
scene_6943,train
scene_6944,train
scene_6945,train
scene_6946,train
scene_6947,train
scene_6948,train
scene_6949,train
scene_695,val
scene_6950,train
scene_6951,train
scene_6952,train
scene_6953,train
scene_6954,train
scene_6955,train
scene_6956,train
scene_6957,train
scene_6958,train
scene_6959,train
scene_696,train
scene_6960,train
scene_6961,train
scene_6962,train
scene_6963,train
scene_6964,train
scene_6965,val
scene_6966,train
scene_6967,train
scene_6968,val
scene_6969,val
scene_697,train
scene_6970,train
scene_6971,val
scene_6972,val
scene_6973,train
scene_6974,train
scene_6975,train
scene_6976,train
scene_6977,train
scene_6978,train
scene_6979,train
scene_698,train
scene_6980,val
scene_6981,train
scene_6982,train
scene_6983,train
scene_6984,val
scene_6985,train
scene_6986,train
scene_6987,train
scene_6988,train
scene_6989,train
scene_699,train
scene_6990,train
scene_6991,train
scene_6992,train
scene_6993,train
scene_6994,train
scene_6995,train
scene_6996,val
scene_6997,train
scene_6998,train
scene_6999,train
scene_700,train
scene_7000,train
scene_7001,train
scene_7002,train
scene_7003,train
scene_7004,val
scene_7005,train
scene_7006,train
scene_7007,train
scene_7009,train
scene_701,train
scene_7010,train
scene_7011,train
scene_7012,train
scene_7013,train
scene_7014,train
scene_7015,train
scene_7016,train
scene_7017,train
scene_7018,train
scene_7019,train
scene_702,train
scene_7020,val
scene_7021,val
scene_7022,val
scene_7023,val
scene_7024,train
scene_7025,train
scene_7026,train
scene_7027,train
scene_7028,train
scene_7029,train
scene_703,train
scene_7030,train
scene_7031,val
scene_7032,train
scene_7033,train
scene_7034,train
scene_7035,train
scene_7036,val
scene_7037,train
scene_7038,train
scene_7039,train
scene_704,train
scene_7040,train
scene_7041,train
scene_7042,train
scene_7043,train
scene_7044,train
scene_7045,train
scene_7046,train
scene_7047,val
scene_7048,train
scene_7049,train
scene_705,train
scene_7050,train
scene_7051,train
scene_7052,train
scene_7053,train
scene_7054,train
scene_7055,val
scene_7056,train
scene_7057,train
scene_7058,train
scene_7059,train
scene_706,train
scene_7060,train
scene_7061,train
scene_7062,train
scene_7063,train
scene_7064,train
scene_7065,train
scene_7066,train
scene_7067,val
scene_7068,val
scene_7069,train
scene_707,train
scene_7070,train
scene_7071,train
scene_7072,train
scene_7073,train
scene_7074,train
scene_7075,train
scene_7076,train
scene_7077,train
scene_7078,train
scene_7079,train
scene_708,train
scene_7080,train
scene_7081,train
scene_7082,train
scene_7083,train
scene_7085,val
scene_7086,train
scene_7087,train
scene_7088,train
scene_7089,train
scene_709,train
scene_7090,train
scene_7091,train
scene_7092,train
scene_7093,train
scene_7094,train
scene_7095,train
scene_7096,train
scene_7097,val
scene_7098,train
scene_7099,train
scene_710,train
scene_7100,train
scene_7101,train
scene_7102,train
scene_7103,val
scene_7104,train
scene_7105,train
scene_7106,val
scene_7107,train
scene_7108,val
scene_7109,train
scene_711,train
scene_7110,train
scene_7111,val
scene_7112,train
scene_7113,train
scene_7114,train
scene_7115,train
scene_7116,train
scene_7117,train
scene_7118,train
scene_7119,val
scene_712,train
scene_7120,train
scene_7121,train
scene_7122,val
scene_7123,train
scene_7124,train
scene_7125,train
scene_7126,train
scene_7127,train
scene_7128,train
scene_7129,train
scene_713,train
scene_7131,train
scene_7132,train
scene_7133,train
scene_7134,train
scene_7135,train
scene_7136,train
scene_7137,train
scene_7138,train
scene_7139,train
scene_714,train
scene_7140,train
scene_7141,train
scene_7142,train
scene_7143,train
scene_7144,train
scene_7145,train
scene_7146,train
scene_7147,train
scene_7148,train
scene_7149,train
scene_715,train
scene_7150,train
scene_7151,train
scene_7152,train
scene_7153,train
scene_7154,train
scene_7155,train
scene_7156,train
scene_7157,train
scene_7158,train
scene_716,train
scene_7160,val
scene_7161,train
scene_7162,train
scene_7163,train
scene_7164,val
scene_7165,train
scene_7166,train
scene_7167,train
scene_7168,train
scene_7169,train
scene_717,train
scene_7170,train
scene_7171,train
scene_7172,train
scene_7173,train
scene_7174,train
scene_7175,train
scene_7176,train
scene_7177,train
scene_7178,train
scene_7179,train
scene_718,train
scene_7180,train
scene_7181,train
scene_7182,train
scene_7183,train
scene_7184,train
scene_7185,train
scene_7186,train
scene_7187,train
scene_7188,train
scene_7189,train
scene_719,train
scene_7190,val
scene_7191,train
scene_7192,train
scene_7193,train
scene_7194,train
scene_7195,train
scene_7196,train
scene_7197,train
scene_7198,train
scene_7199,train
scene_720,train
scene_7200,train
scene_7201,train
scene_7202,train
scene_7203,train
scene_7204,val
scene_7205,train
scene_7206,train
scene_7207,train
scene_7208,val
scene_7209,train
scene_721,train
scene_7210,train
scene_7211,train
scene_7212,train
scene_7213,train
scene_7214,train
scene_7215,train
scene_7216,train
scene_7217,val
scene_7218,train
scene_7219,train
scene_722,train
scene_7220,train
scene_7221,train
scene_7222,train
scene_7223,train
scene_7224,train
scene_7225,train
scene_7226,train
scene_7227,train
scene_7228,train
scene_7229,train
scene_723,train
scene_7230,train
scene_7231,val
scene_7232,train
scene_7233,train
scene_7234,train
scene_7236,train
scene_7237,train
scene_7238,train
scene_7239,train
scene_724,train
scene_7240,train
scene_7241,train
scene_7242,val
scene_7243,train
scene_7244,train
scene_7245,train
scene_7246,train
scene_7247,train
scene_7248,train
scene_725,train
scene_7251,train
scene_7252,train
scene_7253,train
scene_7254,train
scene_7255,train
scene_7256,train
scene_7257,train
scene_7258,train
scene_7259,train
scene_726,train
scene_7260,train
scene_7261,train
scene_7262,train
scene_7263,train
scene_7264,val
scene_7265,train
scene_7266,train
scene_7267,train
scene_7268,train
scene_7269,train
scene_727,train
scene_7270,train
scene_7272,train
scene_7273,val
scene_7274,train
scene_7275,train
scene_7276,train
scene_7277,train
scene_7278,train
scene_7279,train
scene_728,train
scene_7280,val
scene_7281,train
scene_7282,train
scene_7283,train
scene_7284,train
scene_7285,train
scene_7286,train
scene_7287,train
scene_7288,train
scene_7289,train
scene_729,train
scene_7290,train
scene_7291,train
scene_7292,train
scene_7293,train
scene_7294,train
scene_7295,val
scene_7296,train
scene_7297,train
scene_7298,train
scene_7299,train
scene_730,train
scene_7300,train
scene_7301,train
scene_7302,train
scene_7303,train
scene_7304,train
scene_7305,train
scene_7306,train
scene_7307,train
scene_7308,train
scene_7309,train
scene_731,train
scene_7310,train
scene_7311,train
scene_7312,train
scene_7313,train
scene_7314,train
scene_7315,train
scene_7316,train
scene_7317,train
scene_7318,train
scene_7319,train
scene_732,val
scene_7320,train
scene_7322,train
scene_7323,train
scene_7324,train
scene_7325,train
scene_7326,train
scene_7327,train
scene_7328,val
scene_7329,train
scene_733,train
scene_7330,train
scene_7331,train
scene_7332,train
scene_7333,val
scene_7334,train
scene_7335,train
scene_7336,train
scene_7337,train
scene_7338,train
scene_7339,train
scene_734,train
scene_7340,train
scene_7341,train
scene_7342,train
scene_7343,train
scene_7344,train
scene_7345,train
scene_7346,train
scene_7347,train
scene_7348,train
scene_7349,train
scene_735,train
scene_7350,train
scene_7351,train
scene_7352,train
scene_7353,train
scene_7354,train
scene_7355,train
scene_7356,train
scene_7357,train
scene_7358,train
scene_7359,train
scene_736,train
scene_7360,train
scene_7361,train
scene_7362,train
scene_7363,train
scene_7364,train
scene_7365,train
scene_7366,train
scene_7367,train
scene_7368,val
scene_7369,train
scene_737,train
scene_7370,val
scene_7371,train
scene_7372,train
scene_7373,train
scene_7374,train
scene_7375,train
scene_7376,val
scene_7377,train
scene_7378,train
scene_7379,train
scene_738,train
scene_7380,train
scene_7381,train
scene_7382,train
scene_7383,train
scene_7384,train
scene_7385,train
scene_7386,train
scene_7387,val
scene_7388,train
scene_7389,train
scene_7390,train
scene_7391,val
scene_7392,train
scene_7393,train
scene_7394,train
scene_7395,train
scene_7396,train
scene_7397,train
scene_7398,train
scene_7399,train
scene_740,train
scene_7401,train
scene_7402,train
scene_7403,train
scene_7404,train
scene_7405,train
scene_7406,train
scene_7407,train
scene_7408,train
scene_7409,val
scene_741,train
scene_7410,train
scene_7411,train
scene_7412,train
scene_7413,train
scene_7414,train
scene_7415,train
scene_7416,train
scene_7417,train
scene_7418,train
scene_7419,train
scene_742,train
scene_7421,val
scene_7422,train
scene_7423,train
scene_7424,train
scene_7425,train
scene_7426,train
scene_7427,train
scene_7428,train
scene_7429,train
scene_743,train
scene_7430,train
scene_7431,train
scene_7432,val
scene_7433,train
scene_7434,val
scene_7435,train
scene_7436,train
scene_7437,train
scene_7438,train
scene_7439,train
scene_744,train
scene_7440,train
scene_7441,train
scene_7442,train
scene_7443,train
scene_7444,train
scene_7445,train
scene_7446,train
scene_7447,train
scene_7448,train
scene_7449,train
scene_745,train
scene_7450,train
scene_7451,train
scene_7452,train
scene_7453,train
scene_7454,train
scene_7455,train
scene_7456,train
scene_7457,train
scene_7458,train
scene_7459,train
scene_746,train
scene_7460,train
scene_7461,train
scene_7462,train
scene_7463,train
scene_7465,train
scene_7466,train
scene_7467,val
scene_7468,train
scene_7469,val
scene_747,train
scene_7470,train
scene_7471,train
scene_7472,train
scene_7473,train
scene_7474,train
scene_7475,train
scene_7476,train
scene_7477,train
scene_7478,train
scene_7479,train
scene_748,val
scene_7480,train
scene_7481,val
scene_7482,train
scene_7483,train
scene_7484,train
scene_7485,train
scene_7486,train
scene_7487,train
scene_7488,train
scene_7489,val
scene_749,train
scene_7490,train
scene_7491,train
scene_7492,train
scene_7493,train
scene_7494,train
scene_7495,train
scene_7496,train
scene_7497,train
scene_7498,train
scene_7499,train
scene_750,train
scene_7500,train
scene_7501,train
scene_7502,train
scene_7503,train
scene_7504,train
scene_7505,val
scene_7506,train
scene_7507,train
scene_7509,train
scene_751,train
scene_7510,train
scene_7511,train
scene_7512,train
scene_7513,train
scene_7514,train
scene_7515,train
scene_7516,train
scene_7517,train
scene_7518,train
scene_7519,train
scene_752,train
scene_7520,train
scene_7521,train
scene_7522,val
scene_7523,train
scene_7524,train
scene_7525,train
scene_7526,train
scene_7527,train
scene_7528,train
scene_7529,train
scene_753,train
scene_7530,train
scene_7531,train
scene_7532,train
scene_7533,train
scene_7534,train
scene_7535,train
scene_7536,train
scene_7537,train
scene_7538,train
scene_7539,train
scene_754,train
scene_7540,train
scene_7541,val
scene_7542,train
scene_7543,train
scene_7544,train
scene_7545,train
scene_7546,train
scene_7547,train
scene_7548,train
scene_7549,train
scene_755,train
scene_7550,train
scene_7551,train
scene_7552,train
scene_7553,train
scene_7554,train
scene_7555,train
scene_7556,train
scene_7557,train
scene_7558,train
scene_7559,train
scene_756,train
scene_7560,train
scene_7561,train
scene_7562,train
scene_7563,train
scene_7564,train
scene_7566,train
scene_7567,train
scene_7568,train
scene_7569,train
scene_757,train
scene_7570,train
scene_7571,train
scene_7572,train
scene_7573,train
scene_7574,train
scene_7575,train
scene_7576,train
scene_7577,train
scene_7578,train
scene_7579,train
scene_7580,train
scene_7581,train
scene_7582,train
scene_7583,train
scene_7584,train
scene_7585,train
scene_7586,train
scene_7587,train
scene_7588,train
scene_7589,train
scene_759,train
scene_7590,train
scene_7591,train
scene_7592,val
scene_7593,train
scene_7594,train
scene_7595,train
scene_7596,train
scene_7597,train
scene_7598,train
scene_7599,train
scene_760,train
scene_7600,train
scene_7601,val
scene_7602,train
scene_7603,val
scene_7604,train
scene_7605,train
scene_7606,train
scene_7607,val
scene_7608,train
scene_7609,train
scene_7610,train
scene_7611,train
scene_7612,train
scene_7613,val
scene_7614,train
scene_7615,val
scene_7616,train
scene_7617,train
scene_7618,train
scene_7619,train
scene_762,train
scene_7620,train
scene_7621,train
scene_7622,train
scene_7623,train
scene_7624,train
scene_7625,train
scene_7626,train
scene_7627,train
scene_7628,train
scene_7629,train
scene_763,train
scene_7630,train
scene_7631,train
scene_7632,train
scene_7633,val
scene_7634,train
scene_7635,train
scene_7636,train
scene_7637,train
scene_7638,train
scene_7639,train
scene_764,train
scene_7640,val
scene_7641,train
scene_7642,train
scene_7643,train
scene_7644,train
scene_7645,train
scene_7646,train
scene_7647,train
scene_7649,train
scene_765,val
scene_7650,train
scene_7651,train
scene_7652,train
scene_7653,train
scene_7654,train
scene_7655,train
scene_7656,train
scene_7657,train
scene_7658,train
scene_7659,train
scene_766,train
scene_7660,train
scene_7661,train
scene_7662,train
scene_7663,train
scene_7664,train
scene_7665,train
scene_7666,train
scene_7667,train
scene_7668,train
scene_7669,train
scene_767,train
scene_7670,val
scene_7671,train
scene_7672,train
scene_7673,train
scene_7674,train
scene_7675,val
scene_7676,train
scene_7677,train
scene_7678,train
scene_7679,train
scene_768,train
scene_7680,train
scene_7681,train
scene_7682,train
scene_7683,train
scene_7684,val
scene_7685,train
scene_7687,train
scene_7689,train
scene_769,train
scene_7690,train
scene_7691,train
scene_7692,train
scene_7693,train
scene_7694,train
scene_7695,train
scene_7696,train
scene_7697,train
scene_7698,train
scene_7699,train
scene_770,train
scene_7700,train
scene_7701,train
scene_7702,train
scene_7703,train
scene_7704,train
scene_7705,train
scene_7706,train
scene_7707,train
scene_7708,val
scene_7709,train
scene_771,train
scene_7710,train
scene_7711,train
scene_7712,train
scene_7713,val
scene_7714,train
scene_7715,val
scene_7716,train
scene_7719,val
scene_772,train
scene_7720,val
scene_7721,train
scene_7722,train
scene_7723,train
scene_7724,train
scene_7725,train
scene_7726,train
scene_7727,train
scene_7728,train
scene_7729,train
scene_773,train
scene_7730,train
scene_7731,train
scene_7732,train
scene_7733,train
scene_7734,train
scene_7735,train
scene_7736,val
scene_7737,train
scene_7738,train
scene_7739,train
scene_774,train
scene_7740,train
scene_7741,train
scene_7742,train
scene_7743,train
scene_7744,train
scene_7745,train
scene_7746,train
scene_7747,train
scene_7748,train
scene_7749,train
scene_775,train
scene_7750,train
scene_7751,train
scene_7752,train
scene_7753,train
scene_7754,val
scene_7755,train
scene_7756,train
scene_7757,train
scene_7758,train
scene_7759,train
scene_776,train
scene_7760,train
scene_7761,train
scene_7762,train
scene_7763,train
scene_7764,train
scene_7765,train
scene_7766,val
scene_7767,train
scene_7768,train
scene_7769,train
scene_777,train
scene_7770,train
scene_7771,train
scene_7772,train
scene_7773,train
scene_7774,train
scene_7775,train
scene_7776,train
scene_7777,train
scene_7778,train
scene_7779,train
scene_778,train
scene_7780,train
scene_7781,train
scene_7782,train
scene_7783,train
scene_7784,val
scene_7785,train
scene_7786,train
scene_7787,train
scene_7788,train
scene_7789,train
scene_779,train
scene_7790,train
scene_7791,train
scene_7792,train
scene_7793,train
scene_7794,train
scene_7795,train
scene_7796,train
scene_7797,train
scene_7798,train
scene_7799,train
scene_780,train
scene_7800,train
scene_7801,train
scene_7802,train
scene_7803,val
scene_7804,train
scene_7805,train
scene_7806,train
scene_7807,train
scene_7808,train
scene_7809,train
scene_781,train
scene_7810,train
scene_7811,train
scene_7812,train
scene_7813,train
scene_7814,train
scene_7815,train
scene_7816,train
scene_7817,train
scene_7819,train
scene_782,train
scene_7820,train
scene_7821,val
scene_7822,train
scene_7823,train
scene_7824,train
scene_7825,train
scene_7826,val
scene_7827,train
scene_7828,train
scene_7829,train
scene_783,val
scene_7830,train
scene_7831,train
scene_7832,train
scene_7833,train
scene_7834,train
scene_7835,train
scene_7836,train
scene_7837,train
scene_7838,train
scene_7839,train
scene_784,train
scene_7840,train
scene_7841,train
scene_7842,val
scene_7843,train
scene_7845,train
scene_7846,train
scene_7847,train
scene_7848,val
scene_7849,train
scene_785,train
scene_7850,train
scene_7851,train
scene_7852,train
scene_7853,train
scene_7854,train
scene_7855,train
scene_7856,train
scene_7857,train
scene_7858,train
scene_7859,train
scene_786,train
scene_7860,train
scene_7861,train
scene_7862,train
scene_7863,train
scene_7864,train
scene_7865,train
scene_7866,val
scene_7867,train
scene_7869,train
scene_787,train
scene_7872,train
scene_7873,train
scene_7874,val
scene_7875,train
scene_7876,train
scene_7877,train
scene_7878,train
scene_7879,val
scene_788,val
scene_7880,val
scene_7881,train
scene_7882,train
scene_7883,train
scene_7884,train
scene_7885,val
scene_7886,train
scene_7887,train
scene_7888,train
scene_7889,train
scene_789,train
scene_7890,val
scene_7891,train
scene_7892,train
scene_7893,train
scene_7894,train
scene_7895,train
scene_7896,train
scene_7897,train
scene_7898,train
scene_7899,train
scene_790,train
scene_7901,train
scene_7903,val
scene_7904,train
scene_7905,train
scene_7906,train
scene_7907,train
scene_7908,train
scene_7909,train
scene_791,train
scene_7910,train
scene_7911,train
scene_7912,train
scene_7913,train
scene_7914,train
scene_7915,train
scene_7916,train
scene_7917,train
scene_7918,train
scene_7919,train
scene_792,train
scene_7920,train
scene_7921,val
scene_7922,train
scene_7923,train
scene_7924,train
scene_7925,train
scene_7926,train
scene_7927,train
scene_7928,train
scene_7929,train
scene_793,train
scene_7930,val
scene_7931,train
scene_7932,train
scene_7933,train
scene_7934,train
scene_7935,train
scene_7936,train
scene_7937,train
scene_7938,train
scene_7939,train
scene_794,train
scene_7940,train
scene_7941,train
scene_7942,train
scene_7944,train
scene_7945,train
scene_7946,train
scene_7947,train
scene_7948,train
scene_7949,train
scene_795,train
scene_7950,train
scene_7951,train
scene_7952,train
scene_7953,train
scene_7954,val
scene_7955,train
scene_7956,train
scene_7957,train
scene_7958,train
scene_7959,train
scene_796,train
scene_7960,train
scene_7961,train
scene_7963,train
scene_7964,train
scene_7965,train
scene_7966,val
scene_7967,val
scene_7968,train
scene_7969,train
scene_797,val
scene_7970,train
scene_7971,train
scene_7972,train
scene_7973,train
scene_7974,train
scene_7975,train
scene_7976,train
scene_7977,train
scene_7978,train
scene_7979,train
scene_798,train
scene_7980,train
scene_7981,train
scene_7982,train
scene_7983,train
scene_7984,train
scene_7985,train
scene_7986,train
scene_7987,train
scene_7988,train
scene_7989,train
scene_799,train
scene_7990,train
scene_7991,train
scene_7992,train
scene_7993,train
scene_7994,train
scene_7995,train
scene_7996,train
scene_7997,train
scene_7998,train
scene_7999,train
scene_800,val
scene_8000,train
scene_8001,train
scene_8002,train
scene_8003,train
scene_8004,train
scene_8005,train
scene_8006,train
scene_8007,train
scene_8008,train
scene_8009,train
scene_801,train
scene_8010,train
scene_8011,val
scene_8012,train
scene_8013,val
scene_8014,train
scene_8015,train
scene_8016,train
scene_8017,train
scene_8018,train
scene_8019,val
scene_802,train
scene_8020,train
scene_8021,train
scene_8022,train
scene_8023,train
scene_8024,train
scene_8025,train
scene_8026,train
scene_8027,train
scene_8028,train
scene_8029,train
scene_803,train
scene_8030,train
scene_8031,train
scene_8032,train
scene_8033,train
scene_8034,val
scene_8035,train
scene_8036,train
scene_8037,train
scene_8038,train
scene_8039,train
scene_804,train
scene_8040,train
scene_8041,train
scene_8042,train
scene_8043,train
scene_8044,train
scene_8045,train
scene_8048,train
scene_8049,train
scene_805,val
scene_8050,train
scene_8051,train
scene_8052,train
scene_8053,train
scene_8054,train
scene_8055,train
scene_8056,train
scene_8057,val
scene_8058,train
scene_8059,train
scene_806,train
scene_8060,train
scene_8061,train
scene_8062,train
scene_8063,train
scene_8064,train
scene_8065,train
scene_8066,train
scene_8067,val
scene_8068,train
scene_8069,train
scene_807,train
scene_8070,train
scene_8071,train
scene_8072,train
scene_8073,train
scene_8074,train
scene_8075,train
scene_8076,train
scene_8077,train
scene_8078,train
scene_8079,train
scene_808,train
scene_8080,train
scene_8081,train
scene_8082,train
scene_8083,val
scene_8085,train
scene_8086,train
scene_8087,train
scene_8088,val
scene_8089,train
scene_809,train
scene_8090,train
scene_8091,train
scene_8093,train
scene_8094,val
scene_8095,train
scene_8096,train
scene_8097,train
scene_8098,train
scene_8099,val
scene_810,train
scene_8100,val
scene_8101,train
scene_8102,train
scene_8103,train
scene_8104,train
scene_8105,train
scene_8106,train
scene_8107,train
scene_8108,train
scene_8109,train
scene_811,train
scene_8110,train
scene_8111,train
scene_8112,train
scene_8113,train
scene_8114,train
scene_8115,train
scene_8116,train
scene_8117,val
scene_8118,train
scene_8119,train
scene_812,train
scene_8120,train
scene_8121,train
scene_8122,train
scene_8123,val
scene_8124,train
scene_8125,train
scene_8126,train
scene_8127,train
scene_8128,train
scene_8129,train
scene_813,train
scene_8130,train
scene_8131,train
scene_8134,train
scene_8135,train
scene_8136,train
scene_8137,train
scene_8138,train
scene_8139,train
scene_814,train
scene_8140,train
scene_8141,train
scene_8142,train
scene_8143,train
scene_8144,train
scene_8145,train
scene_8146,train
scene_8147,train
scene_8149,train
scene_815,train
scene_8150,train
scene_8153,train
scene_8154,train
scene_8155,train
scene_8156,val
scene_8157,train
scene_8158,train
scene_8159,train
scene_816,train
scene_8160,val
scene_8161,train
scene_8162,train
scene_8163,train
scene_8164,train
scene_8165,train
scene_8166,train
scene_8167,train
scene_8168,train
scene_8169,train
scene_817,train
scene_8170,train
scene_8171,train
scene_8172,train
scene_8173,train
scene_8174,train
scene_8176,train
scene_8177,val
scene_8178,train
scene_8179,train
scene_818,train
scene_8180,train
scene_8181,train
scene_8182,train
scene_8183,train
scene_8184,train
scene_8185,train
scene_8186,train
scene_8187,train
scene_8188,train
scene_8189,train
scene_819,train
scene_8190,train
scene_8191,train
scene_8192,val
scene_8193,train
scene_8194,train
scene_8195,val
scene_8196,train
scene_8197,train
scene_8198,val
scene_8199,train
scene_820,val
scene_8201,train
scene_8202,train
scene_8203,val
scene_8204,train
scene_8205,train
scene_8206,train
scene_8207,train
scene_8208,train
scene_8209,train
scene_821,train
scene_8210,train
scene_8211,train
scene_8212,train
scene_8213,train
scene_8214,train
scene_8215,train
scene_8216,train
scene_8217,val
scene_8218,train
scene_8219,train
scene_822,train
scene_8220,train
scene_8221,train
scene_8222,train
scene_8223,train
scene_8224,train
scene_8225,train
scene_8226,train
scene_8227,train
scene_8228,train
scene_8229,train
scene_823,val
scene_8230,train
scene_8231,val
scene_8232,train
scene_8233,train
scene_8234,train
scene_8235,train
scene_8236,train
scene_8237,train
scene_8238,val
scene_8239,train
scene_824,train
scene_8240,train
scene_8241,train
scene_8242,train
scene_8243,train
scene_8244,train
scene_8245,val
scene_8246,train
scene_8247,train
scene_8248,train
scene_8249,train
scene_825,train
scene_8250,train
scene_8251,train
scene_8252,train
scene_8254,train
scene_8255,train
scene_8256,train
scene_8257,train
scene_8258,train
scene_8259,train
scene_826,train
scene_8260,train
scene_8261,train
scene_8262,train
scene_8263,val
scene_8264,train
scene_8265,train
scene_8267,train
scene_8268,train
scene_8269,train
scene_827,train
scene_8270,train
scene_8271,train
scene_8272,train
scene_8273,train
scene_8274,train
scene_8275,train
scene_8276,train
scene_8277,train
scene_8278,val
scene_8279,train
scene_828,train
scene_8280,train
scene_8281,train
scene_8282,train
scene_8283,train
scene_8284,train
scene_8285,train
scene_8286,train
scene_8287,train
scene_8288,train
scene_8289,train
scene_829,val
scene_8291,train
scene_8292,train
scene_8293,train
scene_8294,train
scene_8295,train
scene_8296,train
scene_8297,train
scene_8298,train
scene_8299,train
scene_830,train
scene_8300,train
scene_8301,train
scene_8302,train
scene_8303,train
scene_8304,train
scene_8305,train
scene_8306,train
scene_8307,val
scene_8308,val
scene_8309,val
scene_831,train
scene_8310,train
scene_8311,train
scene_8312,train
scene_8313,train
scene_8314,train
scene_8315,val
scene_8316,train
scene_8317,train
scene_8318,train
scene_8319,train
scene_832,train
scene_8320,val
scene_8321,train
scene_8322,train
scene_8323,train
scene_8324,train
scene_8325,train
scene_8326,train
scene_8327,val
scene_8328,train
scene_8329,train
scene_833,train
scene_8330,train
scene_8331,train
scene_8332,train
scene_8333,train
scene_8334,train
scene_8335,train
scene_8336,train
scene_8337,train
scene_8338,train
scene_8339,train
scene_834,val
scene_8340,train
scene_8341,train
scene_8342,train
scene_8343,train
scene_8344,val
scene_8345,train
scene_8346,train
scene_8347,val
scene_8348,train
scene_8349,train
scene_835,train
scene_8350,train
scene_8351,train
scene_8352,train
scene_8353,val
scene_8354,train
scene_8355,train
scene_8356,train
scene_8357,train
scene_8358,train
scene_8359,train
scene_836,train
scene_8360,train
scene_8361,train
scene_8362,train
scene_8363,train
scene_8364,train
scene_8365,val
scene_8366,train
scene_8367,train
scene_8368,val
scene_8369,train
scene_837,train
scene_8370,train
scene_8371,train
scene_8372,train
scene_8373,train
scene_8375,train
scene_8376,train
scene_8377,train
scene_8378,train
scene_8379,train
scene_838,train
scene_8380,val
scene_8381,train
scene_8382,train
scene_8383,train
scene_8384,train
scene_8385,train
scene_8386,train
scene_8387,train
scene_8388,val
scene_8389,train
scene_839,train
scene_8390,train
scene_8391,train
scene_8392,train
scene_8393,train
scene_8394,train
scene_8395,train
scene_8396,train
scene_8397,train
scene_8398,train
scene_8399,train
scene_840,train
scene_8400,train
scene_8401,train
scene_8402,train
scene_8403,train
scene_8404,val
scene_8405,train
scene_8406,train
scene_8407,train
scene_8408,train
scene_8409,val
scene_841,train
scene_8410,val
scene_8411,train
scene_8412,train
scene_8414,train
scene_8415,train
scene_8416,train
scene_8417,val
scene_8418,train
scene_8419,val
scene_842,train
scene_8420,train
scene_8421,train
scene_8422,train
scene_8423,train
scene_8424,train
scene_8425,train
scene_8426,train
scene_8428,train
scene_8429,train
scene_843,train
scene_8430,train
scene_8431,train
scene_8432,train
scene_8433,train
scene_8434,train
scene_8435,train
scene_8436,train
scene_8437,train
scene_8438,train
scene_8439,train
scene_844,train
scene_8440,val
scene_8441,val
scene_8442,train
scene_8443,train
scene_8444,train
scene_8445,train
scene_8446,train
scene_8447,train
scene_8448,train
scene_8449,train
scene_845,train
scene_8450,train
scene_8451,train
scene_8452,train
scene_8453,val
scene_8454,val
scene_8455,val
scene_8456,train
scene_8457,val
scene_8458,train
scene_8459,train
scene_8460,train
scene_8461,train
scene_8462,train
scene_8463,train
scene_8464,train
scene_8465,train
scene_8466,train
scene_8467,train
scene_8468,train
scene_8469,train
scene_847,train
scene_8470,train
scene_8471,train
scene_8472,train
scene_8473,train
scene_8474,train
scene_8475,train
scene_8476,train
scene_8477,train
scene_8478,train
scene_8479,train
scene_848,train
scene_8480,train
scene_8481,train
scene_8482,val
scene_8483,val
scene_8485,train
scene_8486,train
scene_8487,train
scene_8488,train
scene_8489,train
scene_849,train
scene_8490,train
scene_8491,train
scene_8492,train
scene_8493,train
scene_8494,train
scene_8495,train
scene_8496,val
scene_8497,train
scene_8498,train
scene_8499,train
scene_850,train
scene_8500,train
scene_8501,train
scene_8502,train
scene_8503,train
scene_8504,train
scene_8505,train
scene_8506,train
scene_8507,train
scene_8508,train
scene_8509,train
scene_851,train
scene_8510,train
scene_8511,val
scene_8512,train
scene_8513,train
scene_8514,train
scene_8515,train
scene_8516,val
scene_8517,train
scene_8518,train
scene_8519,train
scene_852,train
scene_8520,train
scene_8521,val
scene_8522,train
scene_8523,train
scene_8524,train
scene_8525,train
scene_8526,train
scene_8527,train
scene_8528,train
scene_8529,train
scene_853,train
scene_8530,train
scene_8531,train
scene_8532,val
scene_8533,train
scene_8534,train
scene_8535,train
scene_8536,train
scene_8537,train
scene_8538,train
scene_8539,train
scene_854,train
scene_8540,train
scene_8541,train
scene_8542,val
scene_8543,train
scene_8544,val
scene_8545,train
scene_8546,train
scene_8547,train
scene_8548,train
scene_8549,train
scene_855,train
scene_8550,val
scene_8551,train
scene_8552,train
scene_8553,train
scene_8554,train
scene_8555,train
scene_8556,train
scene_8557,train
scene_8558,train
scene_8559,train
scene_856,train
scene_8560,train
scene_8561,val
scene_8562,train
scene_8563,train
scene_8564,val
scene_8565,train
scene_8566,train
scene_8567,train
scene_8568,val
scene_8569,train
scene_8570,train
scene_8571,train
scene_8572,train
scene_8573,train
scene_8574,train
scene_8575,train
scene_8576,train
scene_8577,train
scene_8578,train
scene_8579,train
scene_858,train
scene_8580,train
scene_8581,train
scene_8582,train
scene_8583,train
scene_8584,train
scene_8585,train
scene_8587,train
scene_8588,train
scene_8589,train
scene_859,train
scene_8590,train
scene_8591,train
scene_8592,train
scene_8593,train
scene_8594,train
scene_8595,val
scene_8596,train
scene_8597,val
scene_8598,train
scene_8599,train
scene_860,val
scene_8600,train
scene_8601,val
scene_8602,train
scene_8603,train
scene_8604,val
scene_8605,train
scene_8606,train
scene_8607,val
scene_8608,train
scene_8609,train
scene_861,train
scene_8610,train
scene_8611,train
scene_8612,train
scene_8613,val
scene_8614,train
scene_8615,train
scene_8616,train
scene_8617,train
scene_8618,train
scene_862,train
scene_8620,train
scene_8621,train
scene_8623,train
scene_8624,train
scene_8625,train
scene_8626,train
scene_8627,train
scene_8628,train
scene_8629,train
scene_863,train
scene_8630,train
scene_8631,train
scene_8632,train
scene_8633,train
scene_8634,train
scene_8635,train
scene_8636,train
scene_8637,train
scene_8638,train
scene_8639,train
scene_864,train
scene_8640,train
scene_8642,train
scene_8643,val
scene_8644,train
scene_8645,train
scene_8646,train
scene_8647,train
scene_8648,train
scene_8649,train
scene_865,train
scene_8650,train
scene_8651,train
scene_8652,train
scene_8653,train
scene_8654,train
scene_8655,train
scene_8656,train
scene_8657,val
scene_8658,train
scene_8659,train
scene_866,train
scene_8660,train
scene_8661,train
scene_8662,train
scene_8663,train
scene_8664,train
scene_8665,train
scene_8666,train
scene_8667,train
scene_8668,train
scene_8669,train
scene_867,val
scene_8670,train
scene_8671,train
scene_8672,train
scene_8673,train
scene_8674,val
scene_8675,train
scene_8676,train
scene_8677,val
scene_8678,train
scene_8679,train
scene_868,train
scene_8680,train
scene_8681,train
scene_8682,train
scene_8683,train
scene_8684,val
scene_8685,train
scene_8686,train
scene_8687,train
scene_8688,train
scene_8689,train
scene_869,train
scene_8690,train
scene_8691,train
scene_8692,train
scene_8693,val
scene_8694,train
scene_8695,train
scene_8696,train
scene_8697,train
scene_8698,train
scene_8699,train
scene_870,train
scene_8700,train
scene_8701,val
scene_8702,train
scene_8703,train
scene_8705,train
scene_8706,train
scene_8707,train
scene_8708,train
scene_8709,train
scene_871,train
scene_8710,val
scene_8711,train
scene_8712,train
scene_8713,train
scene_8714,train
scene_8715,train
scene_8716,train
scene_8717,train
scene_8718,train
scene_8719,val
scene_872,train
scene_8720,train
scene_8721,train
scene_8722,train
scene_8723,train
scene_8724,train
scene_8725,train
scene_8726,train
scene_8727,train
scene_8728,train
scene_8729,train
scene_873,train
scene_8730,train
scene_8731,train
scene_8732,train
scene_8733,train
scene_8734,val
scene_8735,train
scene_8736,train
scene_8737,val
scene_8738,train
scene_8739,train
scene_874,train
scene_8741,train
scene_8742,train
scene_8743,train
scene_8744,train
scene_8745,train
scene_8746,train
scene_8747,train
scene_8748,train
scene_8749,train
scene_875,val
scene_8750,train
scene_8751,train
scene_8752,train
scene_8753,val
scene_8754,train
scene_8755,train
scene_8756,train
scene_8757,train
scene_8758,train
scene_8759,train
scene_876,train
scene_8760,train
scene_8761,train
scene_8762,train
scene_8763,train
scene_8764,train
scene_8765,train
scene_8766,val
scene_8767,train
scene_8768,train
scene_8769,train
scene_877,train
scene_8771,train
scene_8772,val
scene_8773,train
scene_8774,train
scene_8775,train
scene_8776,train
scene_8777,val
scene_8778,train
scene_8779,train
scene_878,train
scene_8780,train
scene_8781,val
scene_8782,train
scene_8783,train
scene_8784,train
scene_8785,train
scene_8786,train
scene_8787,val
scene_8788,train
scene_8789,train
scene_879,train
scene_8790,train
scene_8791,train
scene_8792,train
scene_8793,val
scene_8794,train
scene_8795,train
scene_8796,train
scene_8797,train
scene_8798,train
scene_8799,val
scene_880,train
scene_8800,train
scene_8801,train
scene_8802,train
scene_8803,val
scene_8804,train
scene_8805,train
scene_8806,train
scene_8807,train
scene_8808,train
scene_8809,train
scene_881,val
scene_8810,train
scene_8811,train
scene_8812,train
scene_8813,train
scene_8814,train
scene_8815,val
scene_8816,train
scene_8817,train
scene_8818,train
scene_8819,train
scene_882,train
scene_8820,train
scene_8821,train
scene_8822,val
scene_8823,train
scene_8824,train
scene_8825,train
scene_8826,train
scene_8827,val
scene_8828,train
scene_8829,train
scene_883,train
scene_8830,train
scene_8831,train
scene_8832,train
scene_8833,train
scene_8834,train
scene_8835,train
scene_8836,train
scene_8837,train
scene_8838,val
scene_8839,train
scene_884,train
scene_8840,train
scene_8841,train
scene_8842,train
scene_8844,train
scene_8845,train
scene_8846,train
scene_8847,train
scene_8848,train
scene_8849,train
scene_885,train
scene_8850,train
scene_8851,train
scene_8852,train
scene_8853,train
scene_8854,train
scene_8855,train
scene_8856,train
scene_8857,train
scene_8858,train
scene_8859,train
scene_8860,train
scene_8861,train
scene_8862,train
scene_8863,train
scene_8864,train
scene_8865,train
scene_8866,train
scene_8867,train
scene_8868,train
scene_8869,train
scene_887,train
scene_8870,train
scene_8871,train
scene_8872,train
scene_8873,train
scene_8874,train
scene_8875,train
scene_8876,train
scene_8877,train
scene_8878,train
scene_8879,val
scene_888,train
scene_8880,train
scene_8881,train
scene_8882,train
scene_8883,train
scene_8884,train
scene_8885,train
scene_8886,train
scene_8887,train
scene_8888,train
scene_8889,train
scene_889,train
scene_8890,train
scene_8891,val
scene_8892,train
scene_8893,train
scene_8895,train
scene_8896,train
scene_8897,train
scene_8898,train
scene_8899,train
scene_890,train
scene_8900,train
scene_8901,train
scene_8902,train
scene_8903,val
scene_8904,train
scene_8905,train
scene_8906,train
scene_8907,train
scene_8908,train
scene_8909,train
scene_891,train
scene_8911,train
scene_8912,train
scene_8913,train
scene_8914,train
scene_8915,val
scene_8916,train
scene_8917,train
scene_8918,train
scene_8919,train
scene_892,train
scene_8920,train
scene_8921,train
scene_8922,train
scene_8923,val
scene_8924,train
scene_8925,train
scene_8926,train
scene_8927,train
scene_8928,train
scene_8929,val
scene_893,val
scene_8930,train
scene_8931,train
scene_8932,train
scene_8933,train
scene_8934,train
scene_8935,train
scene_8936,train
scene_8937,train
scene_8938,train
scene_8939,train
scene_894,train
scene_8940,train
scene_8941,train
scene_8942,train
scene_8943,train
scene_8944,train
scene_8945,train
scene_8946,train
scene_8947,train
scene_8948,train
scene_8949,train
scene_895,train
scene_8950,train
scene_8951,train
scene_8952,val
scene_8953,train
scene_8954,train
scene_8955,val
scene_8956,train
scene_8957,train
scene_8958,train
scene_8959,train
scene_896,train
scene_8960,train
scene_8961,train
scene_8962,train
scene_8963,train
scene_8964,train
scene_8965,train
scene_8966,train
scene_8968,train
scene_8969,train
scene_897,train
scene_8970,train
scene_8971,train
scene_8972,train
scene_8973,train
scene_8974,train
scene_8975,val
scene_8976,train
scene_8977,train
scene_8978,train
scene_8979,val
scene_898,train
scene_8980,train
scene_8981,train
scene_8982,train
scene_8983,val
scene_8984,train
scene_8985,train
scene_8986,train
scene_8987,train
scene_8988,train
scene_8989,train
scene_899,train
scene_8990,train
scene_8991,val
scene_8992,val
scene_8993,train
scene_8994,train
scene_8995,train
scene_8996,val
scene_8997,train
scene_8998,train
scene_8999,val
scene_900,train
scene_9000,train
scene_9001,train
scene_9002,train
scene_9003,train
scene_9004,train
scene_9005,train
scene_9006,train
scene_9008,train
scene_9009,train
scene_901,train
scene_9010,train
scene_9011,train
scene_9012,val
scene_9013,train
scene_9014,train
scene_9015,train
scene_9016,train
scene_9017,train
scene_9018,train
scene_9019,train
scene_9020,train
scene_9021,train
scene_9022,train
scene_9023,train
scene_9024,train
scene_9025,train
scene_9026,train
scene_9027,train
scene_9028,train
scene_9029,train
scene_903,train
scene_9030,train
scene_9031,train
scene_9032,train
scene_9033,train
scene_9035,train
scene_9036,train
scene_9037,train
scene_9038,val
scene_9039,train
scene_904,train
scene_9040,train
scene_9041,train
scene_9042,train
scene_9043,train
scene_9044,train
scene_9045,train
scene_9046,train
scene_9047,train
scene_9048,train
scene_9049,train
scene_905,train
scene_9050,train
scene_9051,train
scene_9052,train
scene_9053,train
scene_9054,train
scene_9055,train
scene_9056,train
scene_9057,train
scene_9058,val
scene_9059,train
scene_906,val
scene_9060,train
scene_9061,val
scene_9062,train
scene_9063,train
scene_9064,train
scene_9065,train
scene_9066,train
scene_9067,train
scene_9068,train
scene_9069,train
scene_907,train
scene_9070,train
scene_9071,train
scene_9072,train
scene_9073,train
scene_9074,train
scene_9075,train
scene_9076,train
scene_9077,train
scene_9078,train
scene_9079,train
scene_908,val
scene_9080,train
scene_9081,train
scene_9082,train
scene_9083,train
scene_9084,train
scene_9085,train
scene_9086,train
scene_9087,train
scene_9089,train
scene_909,train
scene_9090,train
scene_9091,train
scene_9092,train
scene_9093,train
scene_9094,train
scene_9095,train
scene_9096,val
scene_9097,val
scene_9098,train
scene_9099,train
scene_910,train
scene_9100,train
scene_9101,train
scene_9102,train
scene_9103,train
scene_9104,train
scene_9105,train
scene_9106,train
scene_9107,train
scene_9108,train
scene_9109,train
scene_911,train
scene_9110,train
scene_9111,train
scene_9112,val
scene_9113,val
scene_9114,train
scene_9115,train
scene_9116,train
scene_9117,train
scene_9118,train
scene_9119,train
scene_912,train
scene_9120,train
scene_9121,train
scene_9122,train
scene_9123,train
scene_9124,train
scene_9125,train
scene_9126,train
scene_9127,train
scene_9128,train
scene_9129,train
scene_913,train
scene_9130,train
scene_9131,train
scene_9132,train
scene_9133,val
scene_9134,train
scene_9135,train
scene_9136,train
scene_9137,train
scene_9138,train
scene_914,train
scene_9140,train
scene_9141,train
scene_9142,train
scene_9143,train
scene_9144,train
scene_9145,train
scene_9146,train
scene_9147,val
scene_9148,train
scene_9149,train
scene_915,train
scene_9150,val
scene_9151,val
scene_9152,train
scene_9153,train
scene_9154,train
scene_9155,train
scene_9156,train
scene_9157,train
scene_9158,train
scene_9159,train
scene_916,train
scene_9160,train
scene_9161,train
scene_9162,train
scene_9163,val
scene_9164,train
scene_9165,val
scene_9168,train
scene_9169,train
scene_917,train
scene_9170,train
scene_9171,val
scene_9172,train
scene_9173,train
scene_9174,train
scene_9175,train
scene_9176,train
scene_9177,train
scene_9178,train
scene_9179,train
scene_918,train
scene_9180,val
scene_9181,train
scene_9182,train
scene_9183,val
scene_9184,train
scene_9185,train
scene_9186,train
scene_9187,train
scene_9188,train
scene_9189,train
scene_919,train
scene_9190,train
scene_9191,train
scene_9192,train
scene_9193,train
scene_9194,train
scene_9195,train
scene_9196,train
scene_9197,train
scene_9199,train
scene_920,train
scene_9200,train
scene_9201,train
scene_9202,train
scene_9203,train
scene_9204,train
scene_9205,train
scene_9206,train
scene_9207,train
scene_9208,val
scene_9209,train
scene_921,train
scene_9210,val
scene_9211,val
scene_9212,train
scene_9213,train
scene_9214,train
scene_9215,train
scene_9216,train
scene_9217,train
scene_9218,train
scene_9219,train
scene_922,val
scene_9220,val
scene_9221,train
scene_9222,train
scene_9223,train
scene_9224,train
scene_9225,val
scene_9226,train
scene_9227,train
scene_9228,train
scene_9229,val
scene_923,train
scene_9230,train
scene_9231,train
scene_9232,train
scene_9233,train
scene_9234,train
scene_9235,train
scene_9236,train
scene_9237,train
scene_9238,train
scene_9239,train
scene_924,train
scene_9240,train
scene_9241,train
scene_9242,train
scene_9243,train
scene_9244,train
scene_9245,train
scene_9246,train
scene_9247,train
scene_9248,train
scene_9249,train
scene_925,train
scene_9250,train
scene_9251,train
scene_9252,train
scene_9253,train
scene_9254,train
scene_9255,train
scene_9257,train
scene_9258,train
scene_9259,train
scene_926,train
scene_9260,train
scene_9261,val
scene_9262,train
scene_9263,train
scene_9264,train
scene_9265,train
scene_9266,val
scene_9267,train
scene_9268,val
scene_9269,train
scene_927,train
scene_9270,train
scene_9271,train
scene_9272,train
scene_9273,train
scene_9274,train
scene_9275,train
scene_9276,train
scene_9277,train
scene_9278,train
scene_9279,train
scene_928,train
scene_9280,train
scene_9281,train
scene_9282,train
scene_9283,train
scene_9284,train
scene_9285,train
scene_9286,train
scene_9287,train
scene_9289,train
scene_929,train
scene_9290,train
scene_9291,train
scene_9292,train
scene_9293,train
scene_9294,train
scene_9295,train
scene_9296,train
scene_9297,train
scene_9298,train
scene_9299,val
scene_930,train
scene_9300,train
scene_9302,train
scene_9303,train
scene_9304,train
scene_9305,val
scene_9306,train
scene_9307,train
scene_9308,train
scene_9309,train
scene_931,train
scene_9310,train
scene_9311,train
scene_9312,val
scene_9313,train
scene_9314,train
scene_9315,train
scene_9316,train
scene_9317,train
scene_9318,train
scene_9319,train
scene_932,train
scene_9320,train
scene_9321,train
scene_9322,train
scene_9323,train
scene_9324,train
scene_9325,train
scene_9326,train
scene_9327,train
scene_9328,train
scene_9329,train
scene_933,train
scene_9330,train
scene_9331,train
scene_9332,train
scene_9333,val
scene_9334,train
scene_9335,train
scene_9336,train
scene_9337,val
scene_9338,train
scene_9339,train
scene_934,train
scene_9340,train
scene_9341,train
scene_9342,train
scene_9343,train
scene_9344,train
scene_9345,train
scene_9346,train
scene_9347,train
scene_9348,train
scene_9349,train
scene_935,train
scene_9350,train
scene_9351,train
scene_9352,train
scene_9353,train
scene_9354,train
scene_9355,val
scene_9356,train
scene_9357,train
scene_9358,train
scene_9359,train
scene_936,val
scene_9360,train
scene_9361,train
scene_9362,train
scene_9364,train
scene_9365,train
scene_9366,train
scene_9367,train
scene_9368,train
scene_9369,train
scene_937,train
scene_9370,train
scene_9371,train
scene_9372,train
scene_9373,train
scene_9374,train
scene_9375,train
scene_9376,train
scene_9377,train
scene_9378,val
scene_9379,train
scene_938,train
scene_9380,train
scene_9381,val
scene_9382,train
scene_9383,train
scene_9384,train
scene_9385,train
scene_9386,train
scene_9387,train
scene_9388,train
scene_9389,train
scene_939,train
scene_9390,train
scene_9391,train
scene_9392,train
scene_9393,train
scene_9394,train
scene_9395,train
scene_9396,train
scene_9397,train
scene_9398,train
scene_9399,train
scene_940,train
scene_9400,train
scene_9401,train
scene_9402,val
scene_9403,train
scene_9404,train
scene_9405,train
scene_9406,val
scene_9407,val
scene_9408,train
scene_9409,train
scene_941,train
scene_9410,train
scene_9411,val
scene_9413,train
scene_9414,train
scene_9415,train
scene_9416,train
scene_9417,train
scene_9418,train
scene_9419,train
scene_942,train
scene_9420,train
scene_9421,train
scene_9422,train
scene_9423,train
scene_9424,val
scene_9425,train
scene_9426,train
scene_9427,train
scene_9428,train
scene_9429,train
scene_943,val
scene_9430,train
scene_9431,train
scene_9432,train
scene_9433,train
scene_9434,train
scene_9435,train
scene_9436,train
scene_9437,train
scene_9438,train
scene_9439,train
scene_944,train
scene_9440,train
scene_9441,train
scene_9442,train
scene_9443,val
scene_9444,train
scene_9445,train
scene_9446,train
scene_9447,train
scene_9448,train
scene_9449,train
scene_945,train
scene_9450,train
scene_9451,train
scene_9452,train
scene_9453,train
scene_9454,train
scene_9455,train
scene_9456,train
scene_9457,train
scene_9458,train
scene_9459,train
scene_946,train
scene_9460,train
scene_9461,val
scene_9462,val
scene_9463,train
scene_9464,train
scene_9465,train
scene_9466,train
scene_9467,train
scene_9468,train
scene_9469,train
scene_947,train
scene_9470,val
scene_9471,train
scene_9472,train
scene_9473,train
scene_9474,train
scene_9475,train
scene_9476,train
scene_9477,train
scene_9478,val
scene_9479,train
scene_948,train
scene_9480,val
scene_9481,train
scene_9482,train
scene_9483,train
scene_9484,train
scene_9485,train
scene_9486,val
scene_9487,val
scene_9489,train
scene_949,train
scene_9491,train
scene_9492,train
scene_9493,train
scene_9494,train
scene_9495,train
scene_9496,train
scene_9497,train
scene_9498,train
scene_9499,train
scene_950,train
scene_9500,train
scene_9501,train
scene_9502,train
scene_9503,train
scene_9504,train
scene_9505,train
scene_9506,train
scene_9507,train
scene_9508,train
scene_9509,train
scene_951,train
scene_9510,train
scene_9511,train
scene_9512,train
scene_9513,train
scene_9514,val
scene_9515,train
scene_9516,val
scene_9517,train
scene_9518,train
scene_9519,train
scene_952,train
scene_9520,train
scene_9521,train
scene_9522,train
scene_9523,val
scene_9524,train
scene_9525,train
scene_9526,train
scene_9527,train
scene_9528,train
scene_9529,train
scene_953,train
scene_9530,train
scene_9531,train
scene_9532,train
scene_9533,train
scene_9534,train
scene_9535,val
scene_9536,val
scene_9537,train
scene_9538,train
scene_9539,train
scene_954,train
scene_9540,train
scene_9541,train
scene_9542,train
scene_9544,train
scene_9545,train
scene_9546,train
scene_9547,train
scene_9548,train
scene_9549,train
scene_955,train
scene_9550,val
scene_9551,train
scene_9552,train
scene_9554,train
scene_9555,train
scene_9557,train
scene_9558,train
scene_9559,train
scene_956,train
scene_9560,val
scene_9561,val
scene_9562,train
scene_9563,val
scene_9564,train
scene_9565,train
scene_9566,train
scene_9567,train
scene_9568,train
scene_9569,train
scene_9570,train
scene_9571,val
scene_9572,train
scene_9573,val
scene_9574,train
scene_9575,train
scene_9576,train
scene_9577,train
scene_9579,train
scene_958,train
scene_9580,train
scene_9581,train
scene_9582,train
scene_9583,train
scene_9584,train
scene_9585,val
scene_9586,train
scene_9587,train
scene_9588,train
scene_9589,train
scene_9590,train
scene_9591,train
scene_9592,train
scene_9593,val
scene_9594,train
scene_9595,train
scene_9596,train
scene_9597,train
scene_9598,train
scene_9599,train
scene_960,train
scene_9600,train
scene_9601,train
scene_9602,train
scene_9603,train
scene_9604,train
scene_9605,train
scene_9606,train
scene_9607,train
scene_9608,train
scene_9609,train
scene_961,val
scene_9610,train
scene_9611,train
scene_9612,train
scene_9613,train
scene_9614,train
scene_9615,train
scene_9616,train
scene_9617,train
scene_9618,train
scene_9619,train
scene_962,train
scene_9620,train
scene_9621,train
scene_9622,train
scene_9623,train
scene_9624,train
scene_9625,train
scene_9626,val
scene_9627,train
scene_9628,train
scene_9629,train
scene_963,train
scene_9630,val
scene_9631,train
scene_9632,train
scene_9633,train
scene_9634,train
scene_9637,train
scene_9638,train
scene_9639,train
scene_964,val
scene_9640,val
scene_9641,train
scene_9642,train
scene_9643,train
scene_9644,train
scene_9645,train
scene_9646,val
scene_9647,train
scene_9648,train
scene_9649,train
scene_965,train
scene_9650,train
scene_9651,train
scene_9652,train
scene_9653,train
scene_9654,train
scene_9655,train
scene_9656,train
scene_9657,val
scene_9658,train
scene_9659,train
scene_966,val
scene_9660,train
scene_9661,train
scene_9662,train
scene_9663,train
scene_9664,train
scene_9665,train
scene_9666,train
scene_9667,train
scene_9668,train
scene_9669,train
scene_967,train
scene_9670,train
scene_9671,train
scene_9672,train
scene_9673,train
scene_9674,train
scene_9675,train
scene_9676,val
scene_9677,train
scene_9678,train
scene_9679,train
scene_968,train
scene_9681,train
scene_9682,train
scene_9683,train
scene_9684,train
scene_9685,train
scene_9686,train
scene_9687,train
scene_9688,train
scene_9689,train
scene_969,train
scene_9690,train
scene_9691,train
scene_9692,train
scene_9693,train
scene_9694,train
scene_9695,val
scene_9696,train
scene_9698,train
scene_9699,train
scene_970,train
scene_9700,train
scene_9701,train
scene_9702,train
scene_9703,train
scene_9705,train
scene_9706,train
scene_9707,train
scene_9708,train
scene_9709,train
scene_971,train
scene_9710,train
scene_9711,train
scene_9712,train
scene_9713,train
scene_9714,train
scene_9715,train
scene_9716,train
scene_9717,train
scene_9718,train
scene_9719,train
scene_972,train
scene_9720,train
scene_9722,train
scene_9723,train
scene_9724,train
scene_9725,train
scene_9726,train
scene_9727,train
scene_9728,train
scene_9729,train
scene_973,train
scene_9730,val
scene_9731,train
scene_9732,train
scene_9733,train
scene_9734,train
scene_9735,train
scene_9736,train
scene_9737,train
scene_9738,train
scene_9739,train
scene_974,val
scene_9740,val
scene_9741,train
scene_9742,train
scene_9743,train
scene_9744,train
scene_9745,val
scene_9746,train
scene_9747,train
scene_9748,train
scene_975,train
scene_9750,train
scene_9751,train
scene_9752,train
scene_9753,train
scene_9754,train
scene_9755,train
scene_9756,train
scene_9757,train
scene_9758,train
scene_9759,train
scene_976,train
scene_9760,train
scene_9761,val
scene_9762,train
scene_9763,train
scene_9764,train
scene_9765,train
scene_9766,train
scene_9768,train
scene_9769,train
scene_977,train
scene_9770,train
scene_9771,train
scene_9772,train
scene_9773,train
scene_9774,val
scene_9775,train
scene_9776,val
scene_9777,val
scene_9778,val
scene_9779,train
scene_978,train
scene_9780,train
scene_9781,train
scene_9782,val
scene_9783,train
scene_9784,train
scene_9785,train
scene_9786,train
scene_9787,train
scene_9788,train
scene_9789,train
scene_979,train
scene_9790,train
scene_9791,train
scene_9792,train
scene_9793,train
scene_9794,val
scene_9795,train
scene_9796,train
scene_9797,train
scene_9798,train
scene_9799,train
scene_980,train
scene_9800,val
scene_9801,train
scene_9802,train
scene_9803,train
scene_9804,train
scene_9805,train
scene_9806,train
scene_9807,train
scene_9808,train
scene_9809,train
scene_981,train
scene_9810,train
scene_9811,train
scene_9812,val
scene_9813,train
scene_9814,train
scene_9815,train
scene_9816,train
scene_9817,train
scene_9818,train
scene_9819,train
scene_982,train
scene_9820,train
scene_9821,train
scene_9822,train
scene_9823,train
scene_9824,train
scene_9825,train
scene_9826,train
scene_9827,val
scene_9828,train
scene_9829,train
scene_983,val
scene_9830,train
scene_9831,train
scene_9832,train
scene_9833,train
scene_9834,train
scene_9835,train
scene_9836,train
scene_9837,train
scene_9838,train
scene_9839,train
scene_984,train
scene_9840,train
scene_9841,train
scene_9842,train
scene_9844,train
scene_9845,train
scene_9846,train
scene_9847,train
scene_9848,train
scene_9849,val
scene_985,train
scene_9850,train
scene_9851,train
scene_9852,train
scene_9853,train
scene_9854,train
scene_9855,train
scene_9856,train
scene_9857,train
scene_9858,train
scene_9859,train
scene_986,train
scene_9860,train
scene_9861,train
scene_9862,train
scene_9863,train
scene_9864,train
scene_9865,train
scene_9866,train
scene_9867,val
scene_9868,train
scene_9869,train
scene_987,train
scene_9870,train
scene_9871,train
scene_9872,train
scene_9873,train
scene_9874,train
scene_9875,train
scene_9876,train
scene_9877,train
scene_9878,train
scene_9879,train
scene_988,train
scene_9880,train
scene_9881,train
scene_9882,train
scene_9883,train
scene_9884,train
scene_9885,train
scene_9886,train
scene_9887,train
scene_9888,train
scene_9889,train
scene_989,train
scene_9890,val
scene_9891,train
scene_9892,train
scene_9893,train
scene_9894,train
scene_9895,train
scene_9896,train
scene_9897,train
scene_9898,train
scene_9899,train
scene_990,train
scene_9900,train
scene_9901,train
scene_9902,train
scene_9903,train
scene_9904,train
scene_9905,val
scene_9906,train
scene_9908,train
scene_9909,train
scene_991,train
scene_9910,train
scene_9911,train
scene_9912,val
scene_9913,train
scene_9914,train
scene_9915,train
scene_9916,train
scene_9917,train
scene_9918,train
scene_9919,train
scene_992,train
scene_9920,train
scene_9921,val
scene_9922,train
scene_9923,train
scene_9924,train
scene_9925,train
scene_9926,train
scene_9927,train
scene_9928,train
scene_9929,train
scene_993,train
scene_9930,val
scene_9933,train
scene_9934,train
scene_9935,train
scene_9936,train
scene_9937,train
scene_9938,val
scene_9939,train
scene_994,train
scene_9940,train
scene_9941,train
scene_9942,train
scene_9943,train
scene_9944,val
scene_9945,train
scene_9946,train
scene_9947,train
scene_9948,val
scene_9949,train
scene_995,val
scene_9950,train
scene_9951,train
scene_9952,train
scene_9954,train
scene_9955,val
scene_9956,train
scene_9957,train
scene_9958,train
scene_9959,train
scene_996,train
scene_9960,train
scene_9961,val
scene_9962,train
scene_9963,train
scene_9964,train
scene_9965,train
scene_9966,train
scene_9967,train
scene_9968,train
scene_9969,val
scene_997,train
scene_9970,train
scene_9971,val
scene_9972,train
scene_9973,train
scene_9974,train
scene_9975,train
scene_9976,val
scene_9977,train
scene_9978,train
scene_9979,train
scene_998,train
scene_9981,train
scene_9982,train
scene_9983,train
scene_9984,train
scene_9985,train
scene_9986,train
scene_9987,train
scene_9988,train
scene_9989,train
scene_999,train
scene_9990,train
scene_9991,train
scene_9992,train
scene_9993,train
scene_9994,train
scene_9995,train
scene_9996,train
scene_9997,train
scene_9998,train
scene_9999,val
